{"type":"FeatureCollection","features":[{"type":"Feature","id":"01","properties":{"code":"01","name":"Alt Camp","areaKm2":537.29},"geometry":{"type":"MultiPolygon","coordinates":[[[[1.47594,41.47798],[1.46903,41.47647],[1.46127,41.46876],[1.45696,41.47051],[1.45375,41.4697],[1.45559,41.4657],[1.45411,41.4641],[1.45529,41.46248],[1.44606,41.45569],[1.44064,41.44914],[1.42215,41.4493],[1.41615,41.44404],[1.40819,41.44043],[1.40391,41.43522],[1.38282,41.44787],[1.36898,41.4439],[1.36809,41.44267],[1.3692,41.44138],[1.36877,41.43851],[1.37181,41.43679],[1.3653,41.43182],[1.35563,41.42831],[1.34558,41.42881],[1.34112,41.4307],[1.32832,41.42723],[1.32716,41.42809],[1.3282,41.43225],[1.32716,41.44117],[1.32379,41.44409],[1.32321,41.4474],[1.32107,41.44823],[1.31794,41.4427],[1.31433,41.44159],[1.31065,41.43708],[1.30777,41.43669],[1.30564,41.42965],[1.30342,41.42782],[1.30004,41.42852],[1.29154,41.42543],[1.28723,41.4179],[1.28317,41.41751],[1.27096,41.40806],[1.26327,41.40616],[1.25939,41.40385],[1.26119,41.39859],[1.25596,41.39081],[1.25227,41.38777],[1.25366,41.38483],[1.24046,41.38386],[1.23898,41.38003],[1.23971,41.37571],[1.23211,41.37474],[1.22973,41.37324],[1.22546,41.36248],[1.22638,41.35344],[1.22476,41.35178],[1.22627,41.35022],[1.22317,41.34515],[1.21172,41.33407],[1.20612,41.33285],[1.19625,41.32798],[1.19259,41.32169],[1.19129,41.3153],[1.18809,41.31622],[1.18489,41.3196],[1.17468,41.32039],[1.17174,41.31701],[1.16916,41.31753],[1.16444,41.31567],[1.15772,41.31517],[1.15238,41.31108],[1.14755,41.31167],[1.14445,41.30887],[1.13461,41.3074],[1.13311,41.30568],[1.12291,41.30546],[1.11393,41.30826],[1.10731,41.3081],[1.10344,41.30948],[1.1024,41.31051],[1.1078,41.31334],[1.10409,41.31547],[1.09581,41.31548],[1.07865,41.31847],[1.07515,41.32131],[1.06488,41.31986],[1.06689,41.32311],[1.06411,41.32629],[1.04287,41.31832],[1.05386,41.3063],[1.06622,41.30474],[1.05741,41.29412],[1.05814,41.27335],[1.0531,41.26808],[1.08878,41.26374],[1.09349,41.26592],[1.09989,41.26604],[1.10268,41.25737],[1.10404,41.257],[1.11628,41.2593],[1.11956,41.26118],[1.12417,41.25711],[1.12733,41.25951],[1.14068,41.25834],[1.14208,41.25342],[1.13987,41.25235],[1.14239,41.25139],[1.14436,41.24848],[1.14355,41.24722],[1.16047,41.2385],[1.15678,41.23647],[1.15343,41.23209],[1.15799,41.22933],[1.17283,41.2233],[1.17456,41.22558],[1.18084,41.22343],[1.18748,41.23215],[1.19599,41.22373],[1.19954,41.22706],[1.20298,41.22826],[1.21743,41.21549],[1.22567,41.21457],[1.2273,41.21876],[1.23273,41.21732],[1.23383,41.20393],[1.24598,41.20395],[1.25903,41.19964],[1.26049,41.20121],[1.25303,41.21308],[1.24233,41.22143],[1.24686,41.22607],[1.25957,41.2225],[1.26195,41.22335],[1.26246,41.22598],[1.26512,41.22633],[1.26709,41.22994],[1.26695,41.23275],[1.27649,41.23622],[1.2814,41.23301],[1.28432,41.23402],[1.28508,41.23579],[1.29353,41.23679],[1.29493,41.23935],[1.29896,41.23626],[1.30106,41.23563],[1.3036,41.23667],[1.30877,41.23173],[1.31191,41.23163],[1.31562,41.22911],[1.31784,41.22367],[1.32209,41.22227],[1.32518,41.21936],[1.32761,41.21841],[1.33597,41.22067],[1.33801,41.2151],[1.33982,41.21405],[1.34356,41.21479],[1.34304,41.21915],[1.34564,41.21889],[1.34686,41.22243],[1.352,41.22058],[1.35357,41.22452],[1.35009,41.22614],[1.34799,41.22902],[1.34958,41.23061],[1.34899,41.23175],[1.34757,41.23246],[1.34378,41.23123],[1.34661,41.22982],[1.34646,41.22835],[1.34092,41.2288],[1.3398,41.22953],[1.34074,41.23313],[1.33772,41.23269],[1.33722,41.23422],[1.33396,41.23582],[1.33385,41.23719],[1.3379,41.23862],[1.34051,41.23714],[1.34283,41.2391],[1.34577,41.23675],[1.3507,41.23824],[1.35075,41.24053],[1.34789,41.2403],[1.34709,41.24137],[1.35211,41.2458],[1.35226,41.24839],[1.35504,41.24958],[1.35387,41.25137],[1.35578,41.25138],[1.35753,41.25477],[1.36068,41.252],[1.36633,41.25085],[1.36776,41.24517],[1.37036,41.24288],[1.38104,41.24139],[1.38999,41.2418],[1.39514,41.23928],[1.39885,41.23904],[1.40715,41.24153],[1.41316,41.24119],[1.41515,41.24527],[1.42093,41.24858],[1.42609,41.24818],[1.43512,41.25126],[1.43438,41.255],[1.41881,41.26286],[1.39997,41.26347],[1.40306,41.26764],[1.40271,41.27079],[1.40869,41.27505],[1.4395,41.2723],[1.43344,41.2824],[1.43583,41.28525],[1.43507,41.28711],[1.429,41.28613],[1.41461,41.28749],[1.39897,41.29228],[1.40971,41.29869],[1.41561,41.29861],[1.41883,41.303],[1.42411,41.30473],[1.42546,41.30816],[1.42029,41.31382],[1.41473,41.31739],[1.40363,41.32125],[1.402,41.325],[1.42718,41.33608],[1.46282,41.35624],[1.49374,41.35528],[1.50436,41.36159],[1.51252,41.35916],[1.51827,41.36456],[1.5283,41.3677],[1.53702,41.38534],[1.53109,41.38763],[1.51858,41.38886],[1.50991,41.39429],[1.50493,41.39074],[1.50213,41.39157],[1.49546,41.38967],[1.48805,41.38361],[1.48576,41.38366],[1.48491,41.38143],[1.47698,41.38182],[1.47319,41.38026],[1.47411,41.38301],[1.48037,41.3873],[1.48189,41.39797],[1.48948,41.39988],[1.4902,41.40173],[1.48774,41.40617],[1.4874,41.40972],[1.4827,41.41543],[1.48181,41.41853],[1.48398,41.42061],[1.4838,41.42226],[1.47746,41.4234],[1.4758,41.42925],[1.47854,41.4331],[1.4835,41.4309],[1.48616,41.43286],[1.49047,41.43374],[1.49191,41.43548],[1.49595,41.43572],[1.47609,41.4355],[1.46865,41.44369],[1.48028,41.45384],[1.48699,41.46452],[1.48611,41.46549],[1.48713,41.46896],[1.48579,41.4719],[1.48297,41.47469],[1.47594,41.47798]]]]}},{"type":"Feature","id":"02","properties":{"code":"02","name":"Alt Empordà","areaKm2":1355.82},"geometry":{"type":"MultiPolygon","coordinates":[[[[3.31925,42.32487],[3.3184,42.32391],[3.32143,42.32148],[3.32443,42.32129],[3.32187,42.32198],[3.32296,42.32247],[3.32224,42.32343],[3.32015,42.32287],[3.31925,42.32487]]],[[[3.29533,42.2943],[3.29319,42.29267],[3.29675,42.29029],[3.2959,42.29253],[3.29685,42.29333],[3.29533,42.2943]]],[[[2.94879,42.47969],[2.94703,42.48213],[2.94513,42.47972],[2.93801,42.47758],[2.93506,42.47453],[2.93196,42.47422],[2.9247,42.46397],[2.92451,42.45855],[2.91837,42.45615],[2.91101,42.45747],[2.90464,42.45692],[2.89865,42.46011],[2.89147,42.46201],[2.88908,42.46197],[2.88624,42.45982],[2.88259,42.4604],[2.87629,42.46567],[2.87048,42.46743],[2.86339,42.46354],[2.86426,42.45962],[2.86161,42.45501],[2.85675,42.45406],[2.83909,42.45941],[2.83761,42.45691],[2.83558,42.45614],[2.83562,42.45448],[2.83231,42.45223],[2.83349,42.44823],[2.82749,42.4393],[2.8246,42.43878],[2.81863,42.44052],[2.81034,42.43393],[2.80994,42.43165],[2.80765,42.43109],[2.80396,42.43304],[2.80408,42.42931],[2.80092,42.42425],[2.80064,42.42159],[2.8023,42.42063],[2.80118,42.41865],[2.7907,42.41879],[2.78751,42.41694],[2.78395,42.4175],[2.7774,42.412],[2.773,42.4129],[2.77047,42.41163],[2.76434,42.41698],[2.75979,42.4186],[2.75763,42.42421],[2.75313,42.4264],[2.73947,42.42358],[2.73354,42.42483],[2.73032,42.42258],[2.7182,42.42183],[2.71062,42.41598],[2.70629,42.41484],[2.70296,42.4113],[2.697,42.41034],[2.69332,42.40665],[2.68281,42.40697],[2.67434,42.40498],[2.6713,42.40236],[2.67342,42.39955],[2.6712,42.38761],[2.66573,42.38562],[2.65132,42.3897],[2.6523,42.38803],[2.65152,42.38547],[2.65676,42.38214],[2.66118,42.37731],[2.66283,42.37162],[2.66106,42.36913],[2.66088,42.36602],[2.66389,42.36474],[2.66504,42.3627],[2.66993,42.36196],[2.67121,42.36001],[2.67395,42.35904],[2.67315,42.3575],[2.67517,42.35703],[2.67425,42.35544],[2.67606,42.35431],[2.6763,42.3526],[2.67511,42.34777],[2.67659,42.3464],[2.6755,42.34241],[2.67175,42.34087],[2.6547,42.34141],[2.65451,42.34322],[2.65074,42.34413],[2.63448,42.34389],[2.63289,42.34492],[2.63335,42.3463],[2.63115,42.3466],[2.62296,42.34516],[2.6102,42.34681],[2.6081,42.34858],[2.60101,42.34925],[2.60012,42.3516],[2.59,42.35382],[2.58769,42.35485],[2.58829,42.35645],[2.58698,42.35722],[2.57077,42.35824],[2.56769,42.35638],[2.56187,42.36113],[2.56134,42.35626],[2.56224,42.3553],[2.55401,42.35411],[2.55359,42.35006],[2.55467,42.3481],[2.55174,42.3444],[2.55255,42.34284],[2.54976,42.3417],[2.5484,42.33954],[2.54435,42.34007],[2.54215,42.33425],[2.55124,42.3285],[2.55624,42.32303],[2.5621,42.31941],[2.56207,42.3177],[2.57816,42.32152],[2.58065,42.32631],[2.59177,42.32785],[2.61404,42.31856],[2.61199,42.31639],[2.61212,42.31485],[2.61551,42.31306],[2.61768,42.30685],[2.62469,42.3115],[2.63078,42.31281],[2.63234,42.30526],[2.62954,42.3029],[2.63009,42.30011],[2.62789,42.29597],[2.63882,42.29634],[2.6445,42.29779],[2.65681,42.29618],[2.65639,42.29461],[2.65855,42.29329],[2.65954,42.28947],[2.66305,42.28719],[2.66236,42.2864],[2.66374,42.28606],[2.66618,42.28191],[2.66428,42.27761],[2.66745,42.27204],[2.66151,42.26997],[2.66091,42.26764],[2.66343,42.26788],[2.66408,42.26645],[2.66169,42.26535],[2.67144,42.26337],[2.67048,42.26142],[2.67163,42.26026],[2.67061,42.25942],[2.67255,42.25689],[2.67694,42.26019],[2.67227,42.26255],[2.67581,42.26343],[2.6903,42.26265],[2.68323,42.26824],[2.67666,42.27073],[2.6798,42.27216],[2.69606,42.27391],[2.7088,42.267],[2.70627,42.25962],[2.70253,42.25873],[2.70118,42.25458],[2.70232,42.24945],[2.71824,42.25081],[2.72209,42.24672],[2.72326,42.24709],[2.72719,42.25022],[2.72647,42.25478],[2.72916,42.26318],[2.73054,42.26389],[2.75222,42.25878],[2.77151,42.25221],[2.76853,42.23836],[2.77821,42.2272],[2.77591,42.22389],[2.77645,42.21607],[2.78484,42.20506],[2.78276,42.20135],[2.78622,42.19878],[2.79856,42.19867],[2.80749,42.20205],[2.81148,42.2008],[2.8133,42.19882],[2.81667,42.19999],[2.82106,42.19822],[2.82111,42.19923],[2.82293,42.19915],[2.82222,42.20053],[2.8256,42.20226],[2.82842,42.20161],[2.82834,42.19991],[2.831,42.19922],[2.83337,42.20222],[2.83505,42.20196],[2.83283,42.20052],[2.83408,42.19829],[2.83352,42.18925],[2.82788,42.18302],[2.8333,42.17919],[2.84143,42.1812],[2.84915,42.1803],[2.84968,42.18218],[2.85165,42.18216],[2.8592,42.19031],[2.8616,42.19881],[2.86399,42.20102],[2.86841,42.19933],[2.87073,42.19662],[2.87897,42.19548],[2.87914,42.19068],[2.87611,42.1835],[2.88384,42.18248],[2.88901,42.17927],[2.89211,42.17878],[2.89383,42.17681],[2.89431,42.17174],[2.89764,42.1652],[2.89842,42.16222],[2.89156,42.15506],[2.88835,42.15404],[2.88846,42.14995],[2.89391,42.14848],[2.90118,42.13876],[2.90103,42.13403],[2.8984,42.13188],[2.89935,42.12966],[2.8985,42.12102],[2.90428,42.11062],[2.90601,42.1101],[2.90942,42.11165],[2.91337,42.11055],[2.91579,42.11394],[2.92493,42.11526],[2.92628,42.11681],[2.9315,42.11369],[2.93363,42.11553],[2.93925,42.11637],[2.94308,42.11404],[2.94788,42.11428],[2.95438,42.11211],[2.96023,42.11225],[2.96196,42.11443],[2.97524,42.1151],[2.98151,42.1188],[2.99504,42.12331],[2.99557,42.12953],[2.99876,42.1302],[2.99555,42.13432],[3.00129,42.13505],[3.00134,42.13954],[3.00422,42.14047],[3.0084,42.13536],[3.01423,42.1334],[3.01457,42.13072],[3.01856,42.12683],[3.02137,42.12753],[3.03317,42.12391],[3.03479,42.12136],[3.04179,42.11675],[3.04533,42.11017],[3.05015,42.10969],[3.04993,42.11248],[3.0593,42.11463],[3.05963,42.11629],[3.06664,42.11856],[3.07449,42.1189],[3.07448,42.11752],[3.07741,42.11779],[3.07715,42.11894],[3.08567,42.11976],[3.08593,42.12126],[3.08855,42.12094],[3.08879,42.12195],[3.09084,42.12146],[3.09101,42.12563],[3.09477,42.12665],[3.09714,42.11877],[3.10763,42.11679],[3.10565,42.11301],[3.10838,42.10295],[3.12805,42.10843],[3.12986,42.10803],[3.13207,42.0983],[3.15366,42.10439],[3.16151,42.1089],[3.17472,42.10727],[3.17686,42.11148],[3.1726,42.11174],[3.17146,42.11438],[3.16927,42.11501],[3.16484,42.11305],[3.16339,42.11534],[3.15833,42.11582],[3.14982,42.12111],[3.14542,42.11981],[3.15067,42.12042],[3.14922,42.11954],[3.14809,42.12021],[3.14836,42.1193],[3.14501,42.11891],[3.14851,42.11853],[3.14897,42.11699],[3.14554,42.11752],[3.14715,42.11808],[3.14329,42.1172],[3.1454,42.11748],[3.14516,42.11563],[3.14272,42.11691],[3.14319,42.11577],[3.14174,42.11499],[3.13807,42.11567],[3.13694,42.11694],[3.13835,42.11859],[3.1385,42.12158],[3.13657,42.12428],[3.13671,42.12651],[3.13385,42.12794],[3.13339,42.12662],[3.12565,42.12699],[3.12365,42.12862],[3.12464,42.13091],[3.12237,42.13145],[3.12388,42.13309],[3.12184,42.13391],[3.1225,42.13559],[3.12009,42.13706],[3.1192,42.1399],[3.12174,42.14083],[3.11941,42.14022],[3.11789,42.14191],[3.11467,42.15255],[3.11087,42.1847],[3.11095,42.20258],[3.11476,42.21659],[3.12169,42.23098],[3.13096,42.24219],[3.13444,42.24537],[3.13584,42.24521],[3.13339,42.24733],[3.13506,42.24735],[3.13639,42.24569],[3.13535,42.24804],[3.14584,42.25647],[3.15032,42.25786],[3.15089,42.2592],[3.15082,42.25727],[3.15102,42.25973],[3.15629,42.26236],[3.16629,42.26471],[3.17368,42.26321],[3.17472,42.26129],[3.17149,42.25989],[3.17505,42.26137],[3.17273,42.25942],[3.17589,42.26103],[3.17919,42.2587],[3.17577,42.25693],[3.17556,42.2541],[3.17622,42.25708],[3.18064,42.25786],[3.181,42.25648],[3.17756,42.25686],[3.17665,42.25639],[3.17789,42.25558],[3.17665,42.25541],[3.1782,42.25531],[3.17891,42.2525],[3.17843,42.25538],[3.18108,42.25579],[3.18108,42.2521],[3.18002,42.25104],[3.1768,42.25149],[3.18164,42.25096],[3.18205,42.24969],[3.18044,42.24781],[3.18229,42.24548],[3.1912,42.2455],[3.19451,42.24744],[3.19657,42.24709],[3.19851,42.24309],[3.20779,42.24056],[3.20907,42.23903],[3.20732,42.23736],[3.21197,42.23743],[3.21489,42.2344],[3.21645,42.23486],[3.21793,42.23239],[3.22091,42.23401],[3.22048,42.23657],[3.22644,42.23765],[3.22453,42.23896],[3.22493,42.23985],[3.22894,42.2404],[3.22584,42.24353],[3.23088,42.24507],[3.22676,42.2491],[3.22714,42.25055],[3.22943,42.25157],[3.23764,42.24749],[3.23908,42.25099],[3.24386,42.24967],[3.24922,42.24071],[3.25921,42.23894],[3.26156,42.23713],[3.26437,42.23788],[3.26578,42.24028],[3.26451,42.24075],[3.26626,42.24334],[3.25398,42.24424],[3.25414,42.24581],[3.25261,42.24642],[3.25634,42.24889],[3.25364,42.25256],[3.25517,42.25339],[3.26138,42.25096],[3.26212,42.25229],[3.26666,42.25373],[3.27424,42.25428],[3.27687,42.25262],[3.2794,42.2531],[3.27906,42.25493],[3.28153,42.25378],[3.27991,42.25596],[3.28092,42.25813],[3.28249,42.25822],[3.28783,42.2657],[3.2863,42.26768],[3.28727,42.27097],[3.2829,42.2702],[3.28311,42.27351],[3.2805,42.27436],[3.28044,42.27664],[3.27674,42.27987],[3.27724,42.28127],[3.28077,42.28042],[3.27567,42.28375],[3.27609,42.28706],[3.28066,42.2887],[3.2832,42.28582],[3.28779,42.28491],[3.2876,42.28251],[3.28866,42.28354],[3.29047,42.28214],[3.29139,42.28359],[3.29604,42.28234],[3.29515,42.28423],[3.29713,42.28377],[3.29591,42.28584],[3.29928,42.28451],[3.29582,42.28992],[3.29044,42.29225],[3.29161,42.28955],[3.29078,42.28949],[3.28619,42.29325],[3.29202,42.29487],[3.29124,42.29705],[3.28859,42.29781],[3.28986,42.29805],[3.2895,42.29915],[3.292,42.29904],[3.29103,42.2999],[3.293,42.3017],[3.28911,42.30273],[3.28806,42.30193],[3.28654,42.30358],[3.28825,42.30308],[3.28992,42.30431],[3.28918,42.30675],[3.29091,42.30739],[3.29466,42.3071],[3.29583,42.30464],[3.30034,42.30441],[3.298,42.30673],[3.30276,42.30807],[3.30151,42.31014],[3.30271,42.31004],[3.30274,42.31145],[3.30418,42.30989],[3.30348,42.31158],[3.30543,42.3112],[3.30623,42.31332],[3.30585,42.31058],[3.30787,42.31074],[3.30665,42.31171],[3.3083,42.3126],[3.30759,42.31406],[3.30927,42.31263],[3.31276,42.31303],[3.31269,42.31642],[3.31145,42.31764],[3.31574,42.31448],[3.31844,42.31446],[3.31511,42.31764],[3.32039,42.31675],[3.32224,42.31948],[3.31175,42.32475],[3.31053,42.32383],[3.31176,42.32147],[3.311,42.32002],[3.30693,42.32254],[3.30892,42.3231],[3.30727,42.325],[3.30861,42.32598],[3.30765,42.327],[3.30452,42.32679],[3.30535,42.32537],[3.30259,42.32665],[3.30079,42.32572],[3.30107,42.32653],[3.29429,42.32991],[3.29341,42.32888],[3.2921,42.32966],[3.29305,42.32675],[3.28925,42.32945],[3.28924,42.32725],[3.28813,42.32799],[3.2882,42.32653],[3.286,42.32542],[3.28702,42.32897],[3.2857,42.33151],[3.28209,42.33295],[3.28095,42.33196],[3.27746,42.33257],[3.27978,42.33297],[3.28034,42.33427],[3.27846,42.33488],[3.28031,42.33622],[3.27082,42.33772],[3.26761,42.34044],[3.26112,42.34045],[3.26326,42.33671],[3.2608,42.33765],[3.26261,42.33455],[3.26004,42.33486],[3.26046,42.3331],[3.25869,42.3351],[3.2556,42.33537],[3.25406,42.33504],[3.25494,42.33415],[3.25352,42.33311],[3.25057,42.33582],[3.25003,42.33261],[3.25132,42.33017],[3.24976,42.3297],[3.24686,42.33214],[3.24756,42.33382],[3.24562,42.33547],[3.24672,42.33627],[3.24319,42.33649],[3.24128,42.33516],[3.23952,42.33751],[3.23995,42.33989],[3.23678,42.34348],[3.23821,42.3441],[3.23833,42.34897],[3.22926,42.35156],[3.22749,42.35136],[3.22685,42.34924],[3.22284,42.34892],[3.22283,42.34723],[3.21923,42.34977],[3.21531,42.34949],[3.21602,42.34759],[3.21511,42.3465],[3.2114,42.3471],[3.21136,42.34486],[3.21003,42.34379],[3.20902,42.34409],[3.20945,42.34542],[3.20343,42.34705],[3.19997,42.34083],[3.20252,42.34215],[3.20302,42.34133],[3.20118,42.34096],[3.20328,42.34126],[3.20232,42.33966],[3.20353,42.34017],[3.20256,42.33936],[3.20396,42.33917],[3.20213,42.33792],[3.2034,42.33716],[3.20211,42.33731],[3.20284,42.33659],[3.20009,42.33514],[3.19649,42.33496],[3.19441,42.33591],[3.19327,42.33833],[3.19026,42.33908],[3.18988,42.34158],[3.18551,42.34365],[3.18525,42.34623],[3.18656,42.34747],[3.18616,42.34917],[3.18816,42.34986],[3.18787,42.35181],[3.18426,42.35039],[3.18364,42.35165],[3.18151,42.35179],[3.18226,42.35284],[3.17803,42.3529],[3.17773,42.35454],[3.17616,42.35401],[3.1721,42.35568],[3.17111,42.35797],[3.16878,42.35778],[3.16304,42.36029],[3.16462,42.36221],[3.16311,42.36338],[3.16339,42.36501],[3.16643,42.36604],[3.16675,42.36826],[3.16752,42.36796],[3.16564,42.36923],[3.16607,42.3711],[3.1646,42.37152],[3.16508,42.37428],[3.16264,42.37481],[3.16429,42.37362],[3.16179,42.37261],[3.16385,42.37179],[3.16251,42.37123],[3.16137,42.37264],[3.16299,42.37384],[3.16113,42.37303],[3.16212,42.37145],[3.15941,42.3717],[3.1592,42.37405],[3.15771,42.37451],[3.15869,42.37625],[3.15507,42.37842],[3.15593,42.37895],[3.15516,42.37996],[3.15983,42.38523],[3.16279,42.38469],[3.16256,42.38626],[3.167,42.38969],[3.16452,42.39007],[3.16326,42.39177],[3.1597,42.38894],[3.15408,42.39098],[3.15268,42.39354],[3.16487,42.40106],[3.16255,42.40455],[3.15792,42.40513],[3.15881,42.40463],[3.15733,42.40356],[3.15768,42.40463],[3.15571,42.40555],[3.15596,42.40716],[3.16145,42.40915],[3.16209,42.41136],[3.16553,42.41138],[3.16455,42.41327],[3.17097,42.41641],[3.16898,42.41821],[3.16865,42.4215],[3.17035,42.42456],[3.16614,42.42668],[3.16803,42.4254],[3.1668,42.42498],[3.16353,42.4273],[3.16162,42.42667],[3.16057,42.4282],[3.16279,42.4299],[3.16425,42.42934],[3.16424,42.43044],[3.16911,42.43002],[3.16855,42.43067],[3.17057,42.43128],[3.1709,42.43299],[3.1749,42.43354],[3.17391,42.4344],[3.17498,42.43499],[3.16353,42.43609],[3.15642,42.43414],[3.15344,42.43578],[3.14483,42.43315],[3.14007,42.43385],[3.13814,42.43554],[3.12566,42.43485],[3.12192,42.4363],[3.12087,42.43818],[3.11525,42.43562],[3.10907,42.43486],[3.10653,42.43092],[3.10286,42.42867],[3.10208,42.42627],[3.09831,42.4251],[3.08587,42.42556],[3.08051,42.42838],[3.07752,42.4315],[3.07653,42.43536],[3.07005,42.43592],[3.06705,42.44258],[3.05828,42.44578],[3.0514,42.45309],[3.05127,42.45459],[3.04731,42.45695],[3.0467,42.46115],[3.0431,42.46619],[3.04044,42.47422],[3.03727,42.47358],[3.03182,42.47492],[3.01666,42.46935],[3.01302,42.4664],[3.00355,42.47047],[2.99987,42.47333],[2.9888,42.47402],[2.98244,42.4718],[2.98254,42.46957],[2.97969,42.46735],[2.97613,42.46764],[2.96741,42.4655],[2.96006,42.47398],[2.94879,42.47969]]]]}},{"type":"Feature","id":"03","properties":{"code":"03","name":"Alt Penedès","areaKm2":592.04},"geometry":{"type":"MultiPolygon","coordinates":[[[[1.6169,41.5126],[1.60588,41.51303],[1.60764,41.51269],[1.61004,41.50967],[1.6105,41.50521],[1.60119,41.50414],[1.59941,41.50005],[1.60113,41.49928],[1.5998,41.49675],[1.60216,41.49499],[1.58416,41.49081],[1.57955,41.48562],[1.57038,41.48035],[1.57061,41.4723],[1.58322,41.46181],[1.59142,41.4613],[1.59435,41.4513],[1.57216,41.44319],[1.57123,41.44616],[1.56436,41.45064],[1.55379,41.45104],[1.55136,41.44649],[1.54741,41.44689],[1.54331,41.44534],[1.54209,41.44139],[1.53656,41.44533],[1.53316,41.44186],[1.53547,41.43996],[1.52215,41.43834],[1.51055,41.43491],[1.50262,41.42846],[1.49595,41.43572],[1.49191,41.43548],[1.49047,41.43374],[1.48616,41.43286],[1.4835,41.4309],[1.47854,41.4331],[1.4758,41.42925],[1.47746,41.4234],[1.4838,41.42226],[1.48398,41.42061],[1.48181,41.41853],[1.4827,41.41543],[1.4874,41.40972],[1.48774,41.40617],[1.4902,41.40173],[1.48948,41.39988],[1.48189,41.39797],[1.48037,41.3873],[1.47411,41.38301],[1.47319,41.38026],[1.47698,41.38182],[1.48491,41.38143],[1.48576,41.38366],[1.48805,41.38361],[1.49546,41.38967],[1.50213,41.39157],[1.50493,41.39074],[1.50991,41.39429],[1.51858,41.38886],[1.53109,41.38763],[1.53702,41.38534],[1.54171,41.38089],[1.54586,41.3794],[1.54805,41.3746],[1.54754,41.37208],[1.55124,41.36841],[1.55952,41.36796],[1.56326,41.36967],[1.56747,41.36953],[1.57056,41.36665],[1.56917,41.3652],[1.57069,41.36409],[1.57058,41.36146],[1.57386,41.36341],[1.57822,41.36241],[1.57735,41.36084],[1.57886,41.35636],[1.57649,41.35571],[1.57819,41.35343],[1.57369,41.35541],[1.55998,41.34522],[1.55908,41.34332],[1.56634,41.33915],[1.56936,41.33283],[1.56913,41.32969],[1.57363,41.32553],[1.57425,41.32249],[1.57253,41.3221],[1.57255,41.31951],[1.57497,41.31499],[1.57831,41.31575],[1.58327,41.31419],[1.58396,41.31526],[1.58687,41.31265],[1.59309,41.311],[1.59636,41.30845],[1.59671,41.30712],[1.58864,41.29761],[1.59056,41.29689],[1.58829,41.29363],[1.59599,41.29238],[1.59901,41.28918],[1.60389,41.28916],[1.60431,41.28823],[1.60234,41.28744],[1.60291,41.28653],[1.60582,41.28601],[1.60741,41.28734],[1.60833,41.28547],[1.61181,41.28519],[1.61657,41.29332],[1.62481,41.29665],[1.62772,41.29621],[1.6315,41.2989],[1.63675,41.29609],[1.63303,41.29427],[1.62743,41.29414],[1.62696,41.29092],[1.62952,41.28862],[1.62959,41.28588],[1.6281,41.28405],[1.6301,41.28291],[1.61994,41.2771],[1.62367,41.2763],[1.62351,41.27396],[1.62586,41.27322],[1.6275,41.26967],[1.62322,41.2671],[1.6226,41.26363],[1.62422,41.26228],[1.621,41.25624],[1.62219,41.25474],[1.61989,41.2535],[1.6176,41.25452],[1.61696,41.25266],[1.61256,41.25183],[1.61266,41.25075],[1.60605,41.24991],[1.60257,41.25288],[1.59705,41.25343],[1.59918,41.25625],[1.59585,41.25493],[1.595,41.25554],[1.59634,41.25672],[1.5936,41.2579],[1.59436,41.25897],[1.58485,41.25731],[1.57012,41.26066],[1.57539,41.25537],[1.57561,41.24957],[1.57864,41.24155],[1.58315,41.23599],[1.58398,41.23717],[1.59343,41.23372],[1.60226,41.23497],[1.61417,41.22987],[1.61452,41.22608],[1.62332,41.22259],[1.63036,41.22391],[1.63203,41.22831],[1.63388,41.22854],[1.63381,41.23064],[1.63918,41.23503],[1.6455,41.23815],[1.668,41.24502],[1.66983,41.2468],[1.67114,41.25019],[1.6707,41.25488],[1.6752,41.25645],[1.67736,41.26085],[1.69058,41.27175],[1.69034,41.27396],[1.69313,41.27535],[1.6932,41.28039],[1.70297,41.29059],[1.70009,41.29581],[1.70284,41.29954],[1.70961,41.30144],[1.72158,41.30144],[1.72921,41.29941],[1.73762,41.295],[1.74001,41.29685],[1.74301,41.29687],[1.74742,41.30128],[1.75305,41.30175],[1.7542,41.30074],[1.75803,41.30305],[1.75672,41.30407],[1.75833,41.3085],[1.76522,41.31263],[1.76311,41.3155],[1.76338,41.32103],[1.77758,41.32906],[1.78747,41.32594],[1.78964,41.32278],[1.80536,41.32425],[1.81014,41.32328],[1.8136,41.3205],[1.81968,41.3211],[1.82496,41.31886],[1.82899,41.32116],[1.83267,41.32042],[1.84057,41.31541],[1.84785,41.31932],[1.85166,41.31924],[1.85624,41.32709],[1.86032,41.33021],[1.85986,41.33231],[1.861,41.33353],[1.87127,41.33849],[1.86971,41.34214],[1.87047,41.34308],[1.87428,41.34432],[1.88229,41.34381],[1.89203,41.35061],[1.89594,41.3515],[1.89838,41.35481],[1.89655,41.3568],[1.89698,41.36014],[1.89007,41.36279],[1.88891,41.36569],[1.89061,41.36794],[1.88696,41.37237],[1.88182,41.37319],[1.87089,41.38041],[1.86934,41.38728],[1.87667,41.38961],[1.87483,41.395],[1.87762,41.40417],[1.8826,41.40563],[1.88495,41.40814],[1.8809,41.41173],[1.88213,41.41454],[1.88545,41.4156],[1.88881,41.41897],[1.88943,41.42225],[1.88738,41.42361],[1.8912,41.42794],[1.89131,41.43002],[1.89488,41.43007],[1.89714,41.43299],[1.8945,41.43809],[1.89145,41.43985],[1.87269,41.46027],[1.87193,41.4658],[1.87344,41.47263],[1.87009,41.47812],[1.85398,41.4853],[1.84202,41.49372],[1.83181,41.49572],[1.82446,41.48513],[1.824,41.48136],[1.82019,41.48242],[1.81663,41.48089],[1.80961,41.48069],[1.80726,41.47654],[1.80823,41.47569],[1.80601,41.47332],[1.80298,41.4729],[1.79667,41.47614],[1.79322,41.47645],[1.79251,41.47341],[1.79739,41.46957],[1.79791,41.46661],[1.79405,41.46727],[1.79367,41.46551],[1.79224,41.46558],[1.79175,41.46715],[1.78766,41.46703],[1.78051,41.46347],[1.77904,41.46314],[1.77749,41.46482],[1.77471,41.46341],[1.77427,41.45766],[1.77637,41.45077],[1.76908,41.44559],[1.74888,41.45336],[1.75145,41.45762],[1.74553,41.45899],[1.74226,41.46109],[1.738,41.46056],[1.72992,41.464],[1.71611,41.46601],[1.7104,41.46849],[1.70732,41.47268],[1.70267,41.4737],[1.69936,41.47635],[1.6953,41.48393],[1.69042,41.4881],[1.68,41.50713],[1.66815,41.50883],[1.66534,41.50672],[1.64111,41.50667],[1.63692,41.50806],[1.63329,41.50721],[1.6169,41.5126]],[[1.63552,41.30955],[1.62926,41.31046],[1.63379,41.31332],[1.64243,41.31288],[1.64005,41.31049],[1.63552,41.30955]]]]}},{"type":"Feature","id":"04","properties":{"code":"04","name":"Alt Urgell","areaKm2":1444.9},"geometry":{"type":"MultiPolygon","coordinates":[[[[1.31941,41.99157],[1.31368,41.98944],[1.31314,41.98742],[1.31462,41.98372],[1.31758,41.98194],[1.32097,41.98318],[1.32235,41.98617],[1.32042,41.98932],[1.32141,41.9903],[1.31941,41.99157]]],[[[1.45055,42.53989],[1.43883,42.54346],[1.43094,42.53932],[1.42553,42.53922],[1.41687,42.53549],[1.41324,42.53522],[1.41041,42.5338],[1.40754,42.52745],[1.4003,42.52574],[1.39446,42.5266],[1.39301,42.52482],[1.393,42.52086],[1.38795,42.51795],[1.38513,42.51447],[1.3752,42.51392],[1.37055,42.51825],[1.363,42.51883],[1.36559,42.50996],[1.36307,42.50448],[1.36406,42.49953],[1.36258,42.49829],[1.36559,42.49475],[1.36115,42.49156],[1.36071,42.48703],[1.35759,42.48299],[1.35432,42.48148],[1.34554,42.48127],[1.34455,42.47438],[1.34029,42.46733],[1.33365,42.45988],[1.32843,42.45641],[1.32073,42.44561],[1.31634,42.44517],[1.31151,42.44992],[1.30789,42.45055],[1.30142,42.44885],[1.29454,42.44945],[1.28706,42.44796],[1.28201,42.44552],[1.28236,42.44422],[1.27211,42.44398],[1.27206,42.44272],[1.27035,42.4426],[1.26614,42.44809],[1.26102,42.4482],[1.2562,42.45238],[1.25185,42.44283],[1.25323,42.4388],[1.2582,42.43262],[1.25744,42.43103],[1.25968,42.42833],[1.26156,42.41982],[1.25888,42.41856],[1.25288,42.41916],[1.2447,42.41537],[1.24587,42.41311],[1.24656,42.40053],[1.24496,42.39729],[1.24521,42.38473],[1.23686,42.37343],[1.23634,42.3694],[1.2296,42.36892],[1.21844,42.36254],[1.21043,42.3603],[1.20936,42.35804],[1.20016,42.35123],[1.19756,42.35178],[1.18833,42.34891],[1.18414,42.34254],[1.18339,42.3372],[1.17191,42.32879],[1.17594,42.3278],[1.17224,42.32629],[1.16394,42.31537],[1.16442,42.31163],[1.16664,42.31011],[1.16585,42.30926],[1.15813,42.30716],[1.1438,42.30624],[1.13883,42.30766],[1.1344,42.30737],[1.13006,42.30274],[1.12911,42.29987],[1.12253,42.2956],[1.138,42.29045],[1.14657,42.28546],[1.14852,42.28263],[1.15566,42.28069],[1.15813,42.27743],[1.15776,42.26927],[1.15348,42.26695],[1.15099,42.25802],[1.15505,42.25429],[1.15837,42.24649],[1.14818,42.23987],[1.14486,42.24001],[1.14006,42.23816],[1.13917,42.23669],[1.14017,42.23219],[1.14286,42.22935],[1.14192,42.22801],[1.14358,42.22664],[1.14823,42.22609],[1.15344,42.22356],[1.15384,42.22027],[1.15624,42.21913],[1.16496,42.21912],[1.16822,42.21541],[1.16743,42.20816],[1.16841,42.20141],[1.16296,42.19616],[1.16051,42.19005],[1.16649,42.18937],[1.17573,42.18259],[1.18162,42.18148],[1.18653,42.17575],[1.18521,42.17482],[1.18647,42.17108],[1.18176,42.16768],[1.18206,42.16235],[1.17597,42.15838],[1.1736,42.15311],[1.16797,42.15373],[1.16696,42.15245],[1.16463,42.1528],[1.16056,42.15103],[1.16265,42.14553],[1.16158,42.14111],[1.15635,42.13741],[1.15574,42.13562],[1.15811,42.12562],[1.15742,42.12292],[1.16606,42.12305],[1.16589,42.12129],[1.16772,42.11932],[1.16503,42.10953],[1.16209,42.10468],[1.16241,42.10324],[1.16411,42.10332],[1.16501,42.10071],[1.16392,42.10008],[1.16438,42.09621],[1.16779,42.08852],[1.1666,42.08738],[1.16674,42.08234],[1.16974,42.08245],[1.17165,42.08439],[1.17515,42.08472],[1.17705,42.08357],[1.17965,42.08545],[1.18092,42.08475],[1.18159,42.0869],[1.18401,42.08682],[1.18236,42.08844],[1.18383,42.08967],[1.18574,42.08571],[1.20004,42.09],[1.20275,42.08373],[1.20656,42.07925],[1.21082,42.07656],[1.21286,42.07685],[1.21449,42.07944],[1.22097,42.0796],[1.22046,42.07811],[1.22339,42.07581],[1.21908,42.0688],[1.22403,42.06978],[1.23704,42.06588],[1.23398,42.06335],[1.23765,42.06427],[1.23869,42.06314],[1.23672,42.06059],[1.242,42.0529],[1.23976,42.0496],[1.23335,42.04642],[1.23497,42.04274],[1.24099,42.03644],[1.23917,42.0318],[1.2392,42.02779],[1.23639,42.02489],[1.23653,42.02036],[1.24873,42.01178],[1.2482,42.00803],[1.25208,42.00543],[1.25561,42.00577],[1.25758,42.00379],[1.26092,42.00339],[1.26349,41.99885],[1.26052,41.9906],[1.25807,41.98914],[1.25696,41.98174],[1.25798,41.97647],[1.26247,41.97486],[1.26228,41.97267],[1.25575,41.9534],[1.25324,41.94958],[1.2527,41.94452],[1.24865,41.93944],[1.26001,41.94247],[1.2856,41.95851],[1.28797,41.95634],[1.29086,41.95793],[1.29186,41.96055],[1.29021,41.96236],[1.291,41.96498],[1.29485,41.96624],[1.29435,41.96817],[1.29625,41.97012],[1.2958,41.973],[1.29408,41.97372],[1.29578,41.97449],[1.2966,41.97343],[1.2986,41.97583],[1.29875,41.98046],[1.30801,41.98559],[1.30977,41.98821],[1.30901,41.98998],[1.30663,41.98944],[1.30481,41.99192],[1.30696,41.99406],[1.31303,41.99428],[1.31414,41.99292],[1.31861,41.99288],[1.32392,41.99049],[1.33751,41.99124],[1.33965,41.99275],[1.34893,41.99464],[1.3529,41.99407],[1.36263,42.00002],[1.36312,42.00415],[1.35927,42.0071],[1.36036,42.00969],[1.35783,42.01023],[1.35745,42.01181],[1.35888,42.01601],[1.35831,42.01945],[1.3567,42.01981],[1.35477,42.02279],[1.35604,42.02275],[1.35666,42.0249],[1.35573,42.02807],[1.35849,42.02904],[1.35928,42.02817],[1.36057,42.0304],[1.35695,42.03887],[1.3641,42.04295],[1.36327,42.0447],[1.35698,42.04616],[1.35945,42.04698],[1.36099,42.05114],[1.35914,42.05652],[1.35997,42.06144],[1.35843,42.062],[1.36019,42.0633],[1.35774,42.06328],[1.35671,42.06646],[1.35858,42.06951],[1.35777,42.07749],[1.35261,42.0736],[1.34984,42.07302],[1.3399,42.07776],[1.33456,42.07698],[1.33101,42.08002],[1.32348,42.09493],[1.32684,42.11513],[1.33526,42.11965],[1.34194,42.1197],[1.34362,42.12233],[1.349,42.12341],[1.35066,42.12848],[1.35434,42.12787],[1.36199,42.12997],[1.3666,42.13928],[1.36475,42.14214],[1.36144,42.14185],[1.35757,42.14795],[1.36275,42.14979],[1.36513,42.14863],[1.36901,42.15168],[1.37846,42.15478],[1.38257,42.15431],[1.38762,42.15121],[1.39623,42.15063],[1.40452,42.15547],[1.4244,42.16006],[1.43114,42.15935],[1.43485,42.15375],[1.44085,42.14965],[1.44631,42.14774],[1.44684,42.14491],[1.4765,42.1581],[1.48672,42.16377],[1.49376,42.16952],[1.49738,42.1701],[1.52038,42.18437],[1.52273,42.18652],[1.52152,42.19019],[1.52792,42.19196],[1.52892,42.19675],[1.5277,42.2044],[1.53937,42.20623],[1.5441,42.2084],[1.55043,42.20876],[1.55249,42.21029],[1.56813,42.20793],[1.57967,42.2036],[1.58274,42.20455],[1.58614,42.20299],[1.59143,42.20271],[1.59539,42.20045],[1.61384,42.20101],[1.61378,42.20332],[1.6118,42.20438],[1.61019,42.21267],[1.61729,42.22376],[1.62546,42.23249],[1.62697,42.23907],[1.63285,42.2412],[1.63336,42.24377],[1.63862,42.24741],[1.65847,42.25344],[1.66105,42.25247],[1.66364,42.25445],[1.68461,42.25644],[1.68544,42.26033],[1.69432,42.26399],[1.69007,42.27709],[1.68367,42.27602],[1.68059,42.27874],[1.67807,42.27858],[1.67042,42.28147],[1.66576,42.27982],[1.6611,42.28258],[1.65685,42.28266],[1.65212,42.2849],[1.65496,42.33243],[1.6589,42.3367],[1.65003,42.34765],[1.65341,42.35053],[1.65495,42.35412],[1.65671,42.35479],[1.657,42.35803],[1.66009,42.3616],[1.65756,42.36647],[1.65286,42.36574],[1.65454,42.37357],[1.65719,42.37603],[1.65494,42.38409],[1.65001,42.39026],[1.64632,42.39229],[1.64775,42.39671],[1.64603,42.39886],[1.63707,42.40399],[1.6252,42.40621],[1.62018,42.41317],[1.60773,42.41811],[1.60109,42.42452],[1.60311,42.42969],[1.59649,42.43958],[1.59669,42.44412],[1.58592,42.44883],[1.5776,42.45004],[1.56698,42.45899],[1.56107,42.45865],[1.55623,42.45413],[1.56023,42.44899],[1.55543,42.44658],[1.55294,42.44338],[1.5545,42.44025],[1.55334,42.43414],[1.55067,42.43236],[1.53899,42.43307],[1.5261,42.43163],[1.51719,42.42873],[1.51163,42.42909],[1.498,42.43322],[1.48458,42.43277],[1.47534,42.4353],[1.45518,42.43605],[1.44439,42.44142],[1.44258,42.44471],[1.4468,42.44377],[1.44532,42.44662],[1.44615,42.4481],[1.44191,42.45163],[1.44117,42.45545],[1.44753,42.46007],[1.44059,42.46362],[1.43994,42.47132],[1.44119,42.47536],[1.43354,42.48185],[1.41897,42.4828],[1.42556,42.49315],[1.44334,42.49522],[1.46837,42.51002],[1.46011,42.5231],[1.45512,42.52651],[1.45477,42.53001],[1.45231,42.53268],[1.4525,42.53863],[1.45055,42.53989]]]]}},{"type":"Feature","id":"05","properties":{"code":"05","name":"Alta Ribagorça","areaKm2":426.53},"geometry":{"type":"MultiPolygon","coordinates":[[[[0.8795,42.6314],[0.87627,42.631],[0.87685,42.62797],[0.87547,42.62614],[0.87109,42.6252],[0.86738,42.62258],[0.85759,42.62143],[0.85553,42.61909],[0.84746,42.61591],[0.84132,42.60883],[0.83608,42.60858],[0.82771,42.60551],[0.82496,42.60602],[0.82168,42.61017],[0.82206,42.6116],[0.81625,42.61443],[0.8129,42.61429],[0.81302,42.61948],[0.80552,42.61924],[0.79731,42.61727],[0.79396,42.61507],[0.78806,42.61571],[0.76757,42.61159],[0.76772,42.60766],[0.76081,42.59275],[0.76095,42.58873],[0.75948,42.58657],[0.76054,42.58539],[0.75955,42.58317],[0.76036,42.58137],[0.7577,42.5774],[0.75896,42.57206],[0.75649,42.56732],[0.74989,42.56045],[0.74826,42.55684],[0.74923,42.55242],[0.747,42.54974],[0.74261,42.54834],[0.7412,42.54546],[0.74248,42.5425],[0.75044,42.53489],[0.74484,42.53506],[0.73637,42.53929],[0.73185,42.53846],[0.72632,42.53397],[0.72113,42.5244],[0.7238,42.52057],[0.72329,42.51784],[0.72021,42.51526],[0.71993,42.51287],[0.7289,42.51257],[0.74111,42.50488],[0.73808,42.50344],[0.73406,42.5042],[0.73043,42.49728],[0.72785,42.49795],[0.7134,42.48723],[0.70071,42.49544],[0.69913,42.4949],[0.70068,42.49021],[0.69769,42.48553],[0.69013,42.48651],[0.6945,42.47623],[0.70472,42.46403],[0.70643,42.46369],[0.70903,42.45887],[0.70681,42.45591],[0.70792,42.45209],[0.70643,42.4496],[0.70846,42.44768],[0.70795,42.44572],[0.70977,42.44427],[0.71169,42.43953],[0.71077,42.43571],[0.71371,42.43519],[0.71443,42.43342],[0.72132,42.42836],[0.72679,42.42674],[0.73576,42.41272],[0.73473,42.40787],[0.72797,42.40784],[0.72646,42.4048],[0.73633,42.39893],[0.73792,42.39918],[0.73975,42.3912],[0.74141,42.3918],[0.74257,42.38782],[0.74566,42.38448],[0.74408,42.38341],[0.74251,42.37887],[0.73482,42.3762],[0.73535,42.37396],[0.73402,42.3716],[0.72235,42.36867],[0.723,42.36544],[0.73017,42.36244],[0.7375,42.36137],[0.74012,42.35898],[0.7465,42.35645],[0.74929,42.35731],[0.75217,42.35618],[0.76071,42.35675],[0.76012,42.35869],[0.76262,42.36046],[0.76176,42.36641],[0.76646,42.36929],[0.77037,42.37473],[0.77947,42.3755],[0.78274,42.37278],[0.78462,42.37279],[0.78469,42.37146],[0.78903,42.37184],[0.78986,42.3739],[0.7989,42.36269],[0.80883,42.35735],[0.80354,42.35331],[0.79835,42.35251],[0.7953,42.34734],[0.78563,42.34776],[0.77395,42.34593],[0.76661,42.34861],[0.76306,42.34755],[0.76759,42.34372],[0.77585,42.3409],[0.77109,42.33307],[0.79153,42.32746],[0.79985,42.32039],[0.8147,42.31492],[0.81876,42.31442],[0.82244,42.31573],[0.83551,42.31379],[0.84709,42.3143],[0.85624,42.30992],[0.85737,42.30886],[0.85693,42.30673],[0.86352,42.30534],[0.86538,42.30255],[0.87034,42.30161],[0.87387,42.29875],[0.88011,42.30063],[0.8829,42.30456],[0.88656,42.30509],[0.88656,42.31327],[0.88778,42.31653],[0.88647,42.31956],[0.88837,42.32205],[0.88862,42.32702],[0.89191,42.33098],[0.89169,42.33503],[0.87814,42.34147],[0.87282,42.3414],[0.87282,42.34608],[0.87002,42.34772],[0.87063,42.35117],[0.86777,42.35617],[0.86598,42.35677],[0.8656,42.35843],[0.86807,42.36084],[0.86209,42.36705],[0.85427,42.36868],[0.84721,42.3684],[0.84236,42.37349],[0.83861,42.37359],[0.83653,42.37539],[0.83638,42.38132],[0.83309,42.37981],[0.82353,42.3918],[0.82241,42.3915],[0.83431,42.40354],[0.8223,42.41553],[0.82465,42.41802],[0.82781,42.41824],[0.82991,42.4232],[0.82907,42.42471],[0.85364,42.42504],[0.86259,42.4301],[0.86998,42.43904],[0.87161,42.44379],[0.87114,42.44601],[0.85715,42.45393],[0.8528,42.45411],[0.86229,42.45567],[0.86641,42.46124],[0.87355,42.46132],[0.8799,42.4592],[0.88244,42.46469],[0.88583,42.46678],[0.88862,42.47526],[0.89326,42.47955],[0.92155,42.48509],[0.92291,42.49053],[0.92464,42.49258],[0.91984,42.49643],[0.92096,42.50034],[0.91859,42.50307],[0.92265,42.50542],[0.92257,42.5083],[0.92425,42.51038],[0.92824,42.51146],[0.93086,42.51608],[0.93716,42.51796],[0.94438,42.51815],[0.94262,42.52158],[0.94359,42.52451],[0.94555,42.52365],[0.95116,42.52519],[0.95317,42.52669],[0.95273,42.52867],[0.95755,42.53025],[0.95814,42.53218],[0.95371,42.53855],[0.96006,42.54106],[0.96105,42.54454],[0.96473,42.54652],[0.96613,42.54976],[0.97273,42.55175],[0.96927,42.5741],[0.95855,42.57958],[0.943,42.58084],[0.93711,42.58766],[0.93781,42.58939],[0.93559,42.59081],[0.92837,42.59072],[0.91848,42.59281],[0.91508,42.59761],[0.91468,42.60201],[0.91225,42.60673],[0.90393,42.60795],[0.90115,42.61029],[0.89814,42.60979],[0.89522,42.61165],[0.89434,42.61603],[0.8969,42.61765],[0.89498,42.62055],[0.89657,42.62348],[0.89553,42.6259],[0.88961,42.62743],[0.88494,42.62712],[0.88201,42.63108],[0.8795,42.6314]]]]}},{"type":"Feature","id":"06","properties":{"code":"06","name":"Anoia","areaKm2":866.2},"geometry":{"type":"MultiPolygon","coordinates":[[[[1.42907,41.80202],[1.42647,41.80185],[1.41658,41.79495],[1.41829,41.79251],[1.42136,41.79361],[1.4152,41.77606],[1.41061,41.77504],[1.40989,41.76786],[1.41107,41.76665],[1.40893,41.75827],[1.40288,41.74556],[1.40525,41.74548],[1.41067,41.74113],[1.41575,41.74065],[1.4206,41.73782],[1.42005,41.73639],[1.42472,41.73472],[1.42447,41.73267],[1.4192,41.73262],[1.41608,41.72775],[1.41245,41.72724],[1.40765,41.72256],[1.40333,41.72069],[1.40061,41.71711],[1.39541,41.71591],[1.38542,41.70785],[1.3819,41.70685],[1.3835,41.70542],[1.39743,41.70556],[1.40021,41.70432],[1.39581,41.69565],[1.40393,41.69448],[1.40422,41.68616],[1.41339,41.68478],[1.41977,41.68543],[1.42331,41.68408],[1.41926,41.6764],[1.4155,41.6747],[1.42412,41.66938],[1.42584,41.66177],[1.433,41.65153],[1.44458,41.64593],[1.45072,41.64635],[1.4508,41.63988],[1.44891,41.63667],[1.44367,41.63483],[1.44015,41.63582],[1.43115,41.63409],[1.43057,41.62982],[1.42418,41.6314],[1.42053,41.63445],[1.41965,41.63341],[1.41291,41.63537],[1.3915,41.63433],[1.38743,41.63136],[1.38632,41.62612],[1.37903,41.62497],[1.36988,41.62139],[1.36959,41.61733],[1.3604,41.61361],[1.36329,41.6113],[1.36875,41.61045],[1.3697,41.61291],[1.37488,41.61181],[1.37497,41.60753],[1.39356,41.59971],[1.40733,41.60034],[1.40669,41.59334],[1.40777,41.59074],[1.40289,41.58637],[1.39569,41.58507],[1.39227,41.5788],[1.39253,41.5752],[1.39513,41.57741],[1.41021,41.57552],[1.41178,41.58028],[1.4152,41.58258],[1.41937,41.58286],[1.43358,41.57868],[1.43519,41.57657],[1.4474,41.57385],[1.45397,41.56925],[1.44001,41.56305],[1.43109,41.55557],[1.43224,41.55166],[1.43499,41.55005],[1.44672,41.55247],[1.44923,41.54548],[1.44835,41.53711],[1.43629,41.53935],[1.42569,41.5321],[1.40845,41.53518],[1.40616,41.53426],[1.40431,41.53213],[1.40487,41.53072],[1.40175,41.53086],[1.39952,41.52835],[1.4003,41.52565],[1.39907,41.52384],[1.40046,41.52107],[1.39742,41.51859],[1.39835,41.51413],[1.39574,41.51289],[1.40152,41.51243],[1.40308,41.50759],[1.40817,41.5046],[1.41502,41.50541],[1.41863,41.50203],[1.42144,41.50325],[1.42239,41.4997],[1.43737,41.4985],[1.44624,41.49511],[1.45027,41.49212],[1.45252,41.48668],[1.45813,41.48808],[1.4634,41.48765],[1.4646,41.48412],[1.47336,41.48605],[1.47561,41.48199],[1.47459,41.4783],[1.48297,41.47469],[1.48715,41.46878],[1.48611,41.46549],[1.48699,41.46452],[1.48164,41.45562],[1.46869,41.4442],[1.47609,41.4355],[1.49595,41.43572],[1.50262,41.42846],[1.51055,41.43491],[1.52215,41.43834],[1.53547,41.43996],[1.53316,41.44186],[1.53656,41.44533],[1.54209,41.44139],[1.54331,41.44534],[1.54741,41.44689],[1.55136,41.44649],[1.55379,41.45104],[1.56436,41.45064],[1.57123,41.44616],[1.57216,41.44319],[1.59435,41.4513],[1.59142,41.4613],[1.58322,41.46181],[1.57061,41.4723],[1.57038,41.48035],[1.57955,41.48562],[1.58416,41.49081],[1.60216,41.49499],[1.5998,41.49675],[1.60113,41.49928],[1.59941,41.50005],[1.60119,41.50414],[1.6105,41.50521],[1.61004,41.50967],[1.60764,41.51269],[1.60588,41.51303],[1.61519,41.51328],[1.63329,41.50721],[1.63692,41.50806],[1.64111,41.50667],[1.66534,41.50672],[1.66815,41.50883],[1.68,41.50713],[1.69042,41.4881],[1.6953,41.48393],[1.69936,41.47635],[1.70267,41.4737],[1.70732,41.47268],[1.7104,41.46849],[1.71611,41.46601],[1.72992,41.464],[1.738,41.46056],[1.74226,41.46109],[1.74553,41.45899],[1.75145,41.45762],[1.74888,41.45336],[1.76908,41.44559],[1.77637,41.45077],[1.77427,41.45766],[1.77471,41.46341],[1.77749,41.46482],[1.77904,41.46314],[1.78051,41.46347],[1.78766,41.46703],[1.79175,41.46715],[1.79224,41.46558],[1.79367,41.46551],[1.79405,41.46727],[1.79791,41.46661],[1.79739,41.46957],[1.79251,41.47341],[1.79297,41.47633],[1.79663,41.47616],[1.80298,41.4729],[1.80601,41.47332],[1.80823,41.47569],[1.80726,41.47654],[1.80961,41.48069],[1.81663,41.48089],[1.82019,41.48242],[1.824,41.48136],[1.82446,41.48513],[1.83181,41.49572],[1.84303,41.49316],[1.84226,41.49623],[1.83853,41.49993],[1.84285,41.50667],[1.85441,41.50703],[1.85575,41.51121],[1.85375,41.51382],[1.85522,41.51748],[1.85352,41.51994],[1.84198,41.5236],[1.83756,41.52908],[1.83063,41.53286],[1.82668,41.53905],[1.82371,41.54077],[1.82563,41.54273],[1.82351,41.54296],[1.82013,41.54589],[1.8173,41.5508],[1.81738,41.55437],[1.80777,41.55694],[1.80566,41.55634],[1.80269,41.55823],[1.79867,41.55819],[1.79434,41.56165],[1.80601,41.5717],[1.80622,41.57478],[1.80708,41.57461],[1.80875,41.57947],[1.81284,41.6035],[1.8115,41.60537],[1.80594,41.60439],[1.80453,41.60664],[1.79514,41.60919],[1.79258,41.61103],[1.78962,41.60993],[1.78732,41.61089],[1.78503,41.61774],[1.78696,41.62631],[1.78858,41.62801],[1.78846,41.63423],[1.79033,41.63974],[1.78495,41.64007],[1.77864,41.64471],[1.77742,41.64787],[1.77979,41.65349],[1.77458,41.65482],[1.77409,41.65307],[1.76964,41.65247],[1.76693,41.65052],[1.76538,41.6459],[1.76166,41.64599],[1.75702,41.64412],[1.74765,41.64615],[1.74474,41.64501],[1.7348,41.6464],[1.72838,41.64597],[1.72883,41.64436],[1.72579,41.64164],[1.72552,41.639],[1.71879,41.63763],[1.71547,41.63283],[1.70954,41.62909],[1.71131,41.62819],[1.70214,41.62049],[1.70161,41.61866],[1.69648,41.62209],[1.69131,41.6223],[1.68905,41.62024],[1.68106,41.61947],[1.66501,41.63916],[1.66366,41.64432],[1.66881,41.64928],[1.66468,41.65058],[1.66725,41.653],[1.65841,41.65289],[1.66026,41.65412],[1.66014,41.65714],[1.6551,41.65621],[1.65313,41.658],[1.65039,41.65415],[1.64977,41.6553],[1.64667,41.65374],[1.6446,41.65536],[1.64213,41.6549],[1.64337,41.65067],[1.64122,41.64964],[1.64179,41.64362],[1.63773,41.64571],[1.63812,41.64714],[1.63644,41.64944],[1.63424,41.65001],[1.63045,41.65446],[1.62751,41.66232],[1.63392,41.66422],[1.6342,41.66797],[1.63013,41.66863],[1.62345,41.67406],[1.6271,41.67901],[1.62067,41.68056],[1.61845,41.68225],[1.62018,41.68488],[1.61849,41.68735],[1.62002,41.68981],[1.62324,41.69153],[1.61576,41.69595],[1.60287,41.69223],[1.6009,41.69822],[1.59612,41.70085],[1.58289,41.69787],[1.57114,41.70174],[1.57033,41.70494],[1.56363,41.70827],[1.56101,41.70715],[1.5509,41.70942],[1.55151,41.71132],[1.55369,41.71241],[1.5602,41.71335],[1.56102,41.71632],[1.56396,41.71717],[1.56763,41.72049],[1.58039,41.72342],[1.58973,41.72343],[1.59946,41.71716],[1.60739,41.71663],[1.60863,41.71924],[1.60327,41.7233],[1.6011,41.72702],[1.60233,41.73095],[1.58738,41.73157],[1.58392,41.73393],[1.58442,41.73601],[1.58754,41.73876],[1.58569,41.73886],[1.58556,41.73985],[1.58825,41.7415],[1.58655,41.74666],[1.59002,41.7485],[1.58986,41.75072],[1.59245,41.75126],[1.59583,41.75654],[1.59496,41.76456],[1.59293,41.76928],[1.58367,41.77124],[1.58379,41.77326],[1.58178,41.77383],[1.58058,41.7774],[1.57464,41.782],[1.57258,41.78215],[1.57177,41.77976],[1.56869,41.77735],[1.56113,41.77723],[1.56266,41.77383],[1.56173,41.76997],[1.54832,41.77045],[1.54475,41.75739],[1.53404,41.75715],[1.53619,41.75455],[1.5353,41.75295],[1.53072,41.75259],[1.52839,41.75974],[1.53267,41.76376],[1.52763,41.76403],[1.52236,41.76615],[1.51932,41.77093],[1.51087,41.7708],[1.51022,41.77156],[1.51275,41.77281],[1.50821,41.77373],[1.50861,41.77565],[1.50731,41.77659],[1.50476,41.78821],[1.49622,41.79021],[1.49203,41.78882],[1.48817,41.78926],[1.4828,41.79107],[1.48588,41.78852],[1.48495,41.78592],[1.48706,41.78498],[1.48633,41.78311],[1.48748,41.78267],[1.48808,41.77875],[1.48778,41.7773],[1.48209,41.7756],[1.48184,41.77418],[1.4842,41.77184],[1.47965,41.77177],[1.47827,41.77336],[1.47361,41.77259],[1.47232,41.7711],[1.47028,41.77223],[1.4689,41.77076],[1.46651,41.77331],[1.46707,41.77538],[1.46471,41.77495],[1.46087,41.77649],[1.46916,41.77848],[1.46929,41.78179],[1.47305,41.78256],[1.46919,41.78829],[1.47192,41.79114],[1.47166,41.80038],[1.46425,41.79796],[1.45993,41.79763],[1.45401,41.79911],[1.4509,41.79788],[1.44275,41.80094],[1.42907,41.80202]]]]}},{"type":"Feature","id":"07","properties":{"code":"07","name":"Bages","areaKm2":1091.8},"geometry":{"type":"MultiPolygon","coordinates":[[[[2.00146,41.96643],[1.99822,41.9704],[1.98559,41.96965],[1.99139,41.96669],[1.99632,41.96108],[1.98447,41.9571],[1.97857,41.95379],[1.97691,41.95498],[1.97502,41.94108],[1.97585,41.94002],[1.97438,41.93804],[1.97068,41.93691],[1.9753,41.92957],[1.98535,41.92419],[1.98331,41.922],[1.98369,41.91886],[1.97029,41.9199],[1.95487,41.96624],[1.95135,41.96721],[1.94906,41.96524],[1.93692,41.96546],[1.92701,41.95991],[1.9223,41.95442],[1.90898,41.94937],[1.90001,41.94283],[1.89858,41.94487],[1.89588,41.94317],[1.89402,41.94142],[1.8979,41.94036],[1.89752,41.93846],[1.88532,41.93753],[1.88541,41.93236],[1.88214,41.92667],[1.88328,41.92564],[1.88257,41.92358],[1.88618,41.92069],[1.88592,41.91648],[1.88283,41.9119],[1.88638,41.90872],[1.88603,41.90614],[1.88001,41.90642],[1.87772,41.90857],[1.87106,41.91047],[1.86387,41.91654],[1.84827,41.91623],[1.84858,41.91125],[1.84577,41.90755],[1.84812,41.90656],[1.84668,41.90209],[1.84855,41.90246],[1.85045,41.90105],[1.84764,41.9008],[1.84764,41.89846],[1.84531,41.89721],[1.8457,41.89894],[1.84115,41.89965],[1.8397,41.90252],[1.84327,41.90484],[1.84229,41.90814],[1.83944,41.90975],[1.83293,41.9104],[1.83208,41.9138],[1.82668,41.91623],[1.82514,41.91953],[1.81842,41.92322],[1.80973,41.92582],[1.80031,41.91929],[1.78758,41.9195],[1.77446,41.91339],[1.76681,41.91146],[1.76486,41.91413],[1.76523,41.9169],[1.76262,41.91757],[1.76011,41.91562],[1.75494,41.92212],[1.75122,41.91686],[1.73447,41.91673],[1.73046,41.9184],[1.73336,41.92492],[1.71885,41.93167],[1.71964,41.93713],[1.71616,41.94322],[1.70251,41.93931],[1.68813,41.93894],[1.6857,41.93738],[1.67785,41.94272],[1.67881,41.94384],[1.67801,41.94739],[1.67401,41.94786],[1.67418,41.95071],[1.66981,41.9545],[1.67056,41.95738],[1.66608,41.95934],[1.66353,41.96218],[1.66127,41.96223],[1.65416,41.95798],[1.6489,41.9565],[1.64693,41.95263],[1.64822,41.95169],[1.65019,41.94485],[1.64457,41.94385],[1.64241,41.94053],[1.65269,41.92867],[1.65103,41.92648],[1.64254,41.92891],[1.64146,41.92881],[1.64167,41.92712],[1.63753,41.92678],[1.63243,41.92053],[1.6264,41.91818],[1.62202,41.91512],[1.62265,41.91353],[1.61896,41.91229],[1.61553,41.90587],[1.6047,41.90137],[1.59988,41.90426],[1.59515,41.89667],[1.58595,41.88828],[1.58304,41.8882],[1.58412,41.89026],[1.58264,41.8928],[1.57603,41.89102],[1.56854,41.8798],[1.58314,41.87347],[1.59078,41.87771],[1.59115,41.87923],[1.60133,41.88429],[1.60275,41.88276],[1.60591,41.88402],[1.61082,41.88049],[1.61905,41.88157],[1.61844,41.87747],[1.62119,41.87448],[1.62197,41.87143],[1.62563,41.86898],[1.62796,41.86035],[1.63048,41.85839],[1.6265,41.84817],[1.63187,41.84348],[1.62278,41.84048],[1.6194,41.84138],[1.6152,41.84007],[1.6097,41.83598],[1.61515,41.83021],[1.61172,41.81796],[1.60544,41.81481],[1.59294,41.8119],[1.58822,41.80453],[1.59373,41.80159],[1.59284,41.80049],[1.59453,41.79656],[1.59724,41.79633],[1.5978,41.79394],[1.59575,41.79406],[1.59592,41.79316],[1.59982,41.7888],[1.59222,41.78064],[1.59335,41.77784],[1.58129,41.77542],[1.58208,41.7735],[1.58379,41.77326],[1.58367,41.77124],[1.59293,41.76928],[1.5958,41.75905],[1.59583,41.75654],[1.59245,41.75126],[1.58986,41.75072],[1.59002,41.7485],[1.58655,41.74666],[1.58825,41.7415],[1.58556,41.73985],[1.58569,41.73886],[1.58754,41.73876],[1.58442,41.73601],[1.58392,41.73393],[1.58738,41.73157],[1.60233,41.73095],[1.6011,41.72702],[1.60327,41.7233],[1.60863,41.71924],[1.60715,41.71653],[1.59974,41.71712],[1.58973,41.72343],[1.58039,41.72342],[1.56763,41.72049],[1.56396,41.71717],[1.56102,41.71632],[1.5602,41.71335],[1.55369,41.71241],[1.55151,41.71132],[1.5509,41.70942],[1.56101,41.70715],[1.56363,41.70827],[1.57033,41.70494],[1.57114,41.70174],[1.58289,41.69787],[1.59612,41.70085],[1.6009,41.69822],[1.60287,41.69223],[1.61576,41.69595],[1.62324,41.69153],[1.62002,41.68981],[1.61849,41.68735],[1.62018,41.68488],[1.61845,41.68225],[1.62067,41.68056],[1.6271,41.67901],[1.62345,41.67406],[1.63013,41.66863],[1.6342,41.66797],[1.63392,41.66422],[1.62751,41.66232],[1.63045,41.65446],[1.63424,41.65001],[1.63644,41.64944],[1.63812,41.64714],[1.63773,41.64571],[1.64179,41.64362],[1.64122,41.64964],[1.64337,41.65067],[1.64213,41.6549],[1.6446,41.65536],[1.64667,41.65374],[1.64977,41.6553],[1.65039,41.65415],[1.65313,41.658],[1.6551,41.65621],[1.66014,41.65714],[1.66026,41.65412],[1.65841,41.65289],[1.66725,41.653],[1.66468,41.65058],[1.66881,41.64928],[1.66366,41.64432],[1.66501,41.63916],[1.68106,41.61947],[1.68905,41.62024],[1.69131,41.6223],[1.69648,41.62209],[1.70161,41.61866],[1.70214,41.62049],[1.71131,41.62819],[1.70954,41.62909],[1.71547,41.63283],[1.71879,41.63763],[1.72552,41.639],[1.72579,41.64164],[1.72883,41.64436],[1.72838,41.64597],[1.7348,41.6464],[1.74474,41.64501],[1.74765,41.64615],[1.75702,41.64412],[1.76166,41.64599],[1.76538,41.6459],[1.76693,41.65052],[1.76964,41.65247],[1.77409,41.65307],[1.77458,41.65482],[1.77979,41.65349],[1.77742,41.64787],[1.77864,41.64471],[1.78495,41.64007],[1.79033,41.63974],[1.78846,41.63423],[1.78858,41.62801],[1.78696,41.62631],[1.78503,41.61774],[1.78732,41.61089],[1.78962,41.60993],[1.79258,41.61103],[1.79514,41.60919],[1.79804,41.60917],[1.8017,41.60679],[1.80461,41.6066],[1.80594,41.60439],[1.8115,41.60537],[1.81281,41.60207],[1.81723,41.60172],[1.81895,41.59931],[1.82242,41.59777],[1.82557,41.59291],[1.83169,41.5909],[1.83818,41.59259],[1.85081,41.59066],[1.86331,41.59228],[1.86396,41.59877],[1.86158,41.60346],[1.86063,41.6094],[1.86315,41.61356],[1.86281,41.61665],[1.86515,41.6188],[1.87302,41.61273],[1.88314,41.61507],[1.88949,41.61481],[1.89281,41.61699],[1.89393,41.61962],[1.89097,41.62951],[1.89251,41.63508],[1.89144,41.63899],[1.8893,41.64063],[1.89065,41.64398],[1.89013,41.64622],[1.88911,41.64833],[1.8865,41.64946],[1.88969,41.65212],[1.88917,41.65318],[1.89112,41.65269],[1.89386,41.65599],[1.89778,41.65761],[1.90118,41.65719],[1.90682,41.66478],[1.91956,41.66605],[1.9231,41.66181],[1.9303,41.658],[1.93284,41.66324],[1.93389,41.66322],[1.93689,41.6613],[1.93701,41.65862],[1.94222,41.65622],[1.94015,41.6523],[1.94213,41.64887],[1.94824,41.64907],[1.94956,41.64628],[1.95709,41.64652],[1.96112,41.64419],[1.97145,41.64883],[1.98293,41.64817],[1.99017,41.65442],[1.99555,41.65542],[2.00284,41.65431],[2.00884,41.65618],[2.01077,41.65876],[2.01073,41.66457],[2.01178,41.66584],[2.00887,41.67035],[2.00699,41.67104],[2.00468,41.67597],[2.00615,41.67781],[2.01076,41.67834],[2.01303,41.68087],[2.00958,41.68669],[2.00913,41.69127],[2.00956,41.69236],[2.01299,41.69215],[2.0179,41.6945],[2.02218,41.69864],[2.02038,41.70519],[2.02241,41.70807],[2.01636,41.71642],[2.01698,41.71966],[2.0151,41.72185],[2.01572,41.72359],[2.01451,41.72745],[2.01096,41.73029],[2.00389,41.72891],[2.0043,41.733],[2.0014,41.73971],[2.00203,41.74368],[1.99685,41.74425],[1.98924,41.74989],[1.9792,41.75323],[1.96591,41.75186],[1.95314,41.74656],[1.93778,41.74555],[1.93323,41.74398],[1.92821,41.74509],[1.92331,41.74987],[1.9241,41.75281],[1.92132,41.75311],[1.91938,41.75894],[1.91627,41.75693],[1.91511,41.76024],[1.91808,41.76144],[1.91631,41.76811],[1.91753,41.77],[1.91322,41.77012],[1.91394,41.77288],[1.91121,41.77463],[1.90386,41.77418],[1.92565,41.7778],[1.93445,41.78066],[1.95424,41.78198],[1.96458,41.78751],[1.96912,41.78763],[1.97742,41.79225],[2.02016,41.80216],[2.02747,41.80174],[2.03806,41.80588],[2.03405,41.81044],[2.03325,41.81331],[2.02998,41.81467],[2.02612,41.8186],[2.02658,41.82085],[2.02237,41.82071],[2.02048,41.82336],[2.01588,41.82417],[2.01174,41.8224],[2.00388,41.83025],[2.00441,41.83192],[2.00333,41.83283],[1.99646,41.83511],[1.97715,41.83714],[1.97787,41.83955],[1.97508,41.8407],[1.97582,41.84719],[1.9839,41.85499],[1.98753,41.85451],[1.98899,41.85675],[1.99504,41.85867],[2.0062,41.86912],[2.01586,41.87333],[2.01132,41.8789],[2.00144,41.88285],[2.00537,41.88495],[2.00705,41.88295],[2.01102,41.88447],[2.01414,41.88412],[2.01278,41.88835],[2.01459,41.90012],[2.0103,41.90646],[2.01254,41.91208],[2.02212,41.91101],[2.02678,41.90859],[2.02846,41.90534],[2.03359,41.90206],[2.04048,41.90272],[2.04493,41.89951],[2.04402,41.9031],[2.04796,41.90745],[2.04695,41.90896],[2.04485,41.90697],[2.04274,41.90699],[2.04088,41.90934],[2.03572,41.91132],[2.03362,41.92094],[2.03071,41.92441],[2.02971,41.93291],[2.02453,41.93845],[2.02315,41.94162],[2.02565,41.94106],[2.02806,41.94273],[2.0289,41.94882],[2.02712,41.95036],[2.03223,41.9586],[2.03148,41.95981],[2.03312,41.96108],[2.01809,41.96615],[2.00455,41.96508],[2.00146,41.96643]],[[2.01586,41.94293],[2.0187,41.94452],[2.01959,41.94294],[2.01887,41.93975],[2.02232,41.93795],[2.01911,41.93784],[2.01787,41.93627],[2.01458,41.93566],[2.0135,41.93648],[2.01097,41.93873],[2.01586,41.94293]],[[1.71029,41.89729],[1.71285,41.89536],[1.71424,41.89199],[1.7192,41.89331],[1.71973,41.89529],[1.72497,41.89279],[1.71917,41.88266],[1.71673,41.88507],[1.70646,41.88846],[1.70703,41.89017],[1.70841,41.88899],[1.71164,41.88933],[1.71176,41.89153],[1.70791,41.89499],[1.70823,41.89681],[1.71029,41.89729]]]]}},{"type":"Feature","id":"08","properties":{"code":"08","name":"Baix Camp","areaKm2":695.59},"geometry":{"type":"MultiPolygon","coordinates":[[[[1.00177,41.34776],[0.99883,41.3523],[0.99426,41.35261],[0.98993,41.34744],[0.98523,41.34539],[0.98191,41.34066],[0.98324,41.3394],[0.97677,41.32918],[0.96415,41.32663],[0.95901,41.32222],[0.9576,41.31915],[0.95335,41.31832],[0.95293,41.31694],[0.93547,41.32045],[0.94375,41.30477],[0.93948,41.29658],[0.94491,41.28975],[0.96028,41.29947],[0.9731,41.29454],[0.97374,41.29261],[0.97145,41.29042],[0.97156,41.28484],[0.96916,41.27551],[0.97136,41.27142],[0.97137,41.26827],[0.97617,41.26432],[0.97602,41.26135],[0.9747,41.25955],[0.97096,41.26284],[0.96773,41.25935],[0.96,41.25664],[0.95258,41.25091],[0.94942,41.25031],[0.9485,41.24826],[0.94279,41.24472],[0.94044,41.2451],[0.93475,41.24235],[0.92037,41.24217],[0.91599,41.23957],[0.91088,41.23866],[0.90971,41.23779],[0.91059,41.23272],[0.91251,41.23028],[0.91341,41.22542],[0.91953,41.21713],[0.92107,41.2133],[0.92104,41.20524],[0.92259,41.20291],[0.91826,41.20053],[0.916,41.19724],[0.9075,41.19453],[0.88031,41.19445],[0.87961,41.19353],[0.87839,41.19137],[0.87913,41.19009],[0.87697,41.18748],[0.8794,41.18288],[0.88509,41.18261],[0.89062,41.18036],[0.89938,41.17957],[0.90381,41.18049],[0.90678,41.17899],[0.90165,41.17455],[0.90188,41.17037],[0.9057,41.16701],[0.90613,41.16499],[0.89662,41.14963],[0.89584,41.14578],[0.89096,41.14139],[0.89132,41.13909],[0.88869,41.1358],[0.88985,41.13253],[0.88497,41.11747],[0.87771,41.1107],[0.87516,41.1119],[0.8717,41.11233],[0.87031,41.11104],[0.86579,41.11237],[0.8644,41.11057],[0.85805,41.11128],[0.85342,41.10997],[0.85174,41.11262],[0.83496,41.11926],[0.83234,41.12227],[0.8266,41.11972],[0.83005,41.11681],[0.83053,41.11435],[0.83386,41.11547],[0.83672,41.11369],[0.84073,41.10256],[0.84686,41.09625],[0.85039,41.09429],[0.86123,41.09357],[0.86347,41.09207],[0.86429,41.0897],[0.86803,41.08868],[0.86893,41.08626],[0.87318,41.08383],[0.87046,41.07871],[0.87245,41.07627],[0.87128,41.07413],[0.86768,41.07311],[0.8679,41.07606],[0.86557,41.07822],[0.86895,41.08154],[0.8693,41.0847],[0.86394,41.084],[0.8636,41.08663],[0.85979,41.08515],[0.85824,41.08418],[0.85718,41.08025],[0.85194,41.07721],[0.85645,41.07384],[0.85422,41.07253],[0.85416,41.07123],[0.85604,41.07066],[0.85524,41.06911],[0.8573,41.0668],[0.85748,41.06164],[0.85322,41.05891],[0.8525,41.05644],[0.84444,41.05564],[0.84428,41.05318],[0.83706,41.05396],[0.83546,41.05263],[0.82509,41.05708],[0.8242,41.05913],[0.81861,41.06211],[0.81511,41.0621],[0.8148,41.05989],[0.81264,41.05991],[0.81062,41.05666],[0.80601,41.05487],[0.80241,41.04766],[0.80077,41.04837],[0.80008,41.04747],[0.80109,41.04558],[0.7988,41.04437],[0.79866,41.04205],[0.79594,41.03912],[0.791,41.03753],[0.79026,41.0355],[0.78658,41.03443],[0.78502,41.03165],[0.78053,41.02915],[0.7859,41.02526],[0.78226,41.02237],[0.78333,41.01758],[0.78546,41.01632],[0.78197,41.0138],[0.78379,41.01233],[0.77819,41.00663],[0.77921,41.00418],[0.77864,41.00005],[0.77467,40.99715],[0.7769,40.9944],[0.77585,40.99081],[0.77986,40.99228],[0.78175,40.99157],[0.78622,40.98191],[0.79266,40.97262],[0.79868,40.96859],[0.79808,40.96643],[0.80343,40.95298],[0.81015,40.94747],[0.81932,40.94294],[0.82187,40.94299],[0.81882,40.94073],[0.8257,40.94141],[0.83556,40.93748],[0.84147,40.93881],[0.84604,40.93677],[0.84787,40.93738],[0.85731,40.93532],[0.85883,40.94194],[0.86216,40.94706],[0.87525,40.9519],[0.8798,40.95625],[0.88081,40.95995],[0.88579,40.96189],[0.88856,40.96548],[0.89126,40.96629],[0.89824,40.97526],[0.90419,40.97736],[0.91541,40.9875],[0.92143,40.98893],[0.92378,40.98747],[0.92236,40.98636],[0.9249,40.98869],[0.92794,40.98806],[0.92727,40.98927],[0.92933,40.99008],[0.93041,40.9885],[0.92695,40.98694],[0.93088,40.98836],[0.93017,40.98988],[0.9327,40.99201],[0.94083,41.00649],[0.96123,41.02449],[0.98597,41.04057],[0.99194,41.04282],[1.00482,41.0433],[1.00585,41.04513],[1.01549,41.05096],[1.0253,41.05232],[1.0244,41.05282],[1.02542,41.0539],[1.03007,41.05486],[1.02814,41.05419],[1.02977,41.05633],[1.03213,41.05702],[1.03301,41.05607],[1.0375,41.0589],[1.03909,41.05792],[1.04082,41.05874],[1.03971,41.05872],[1.04006,41.06014],[1.04473,41.06079],[1.04365,41.06147],[1.04626,41.06306],[1.04749,41.06239],[1.05197,41.06432],[1.06195,41.06253],[1.05882,41.06448],[1.06469,41.06532],[1.06509,41.06381],[1.06385,41.06303],[1.06345,41.06386],[1.06381,41.06248],[1.06058,41.05999],[1.06358,41.06183],[1.06519,41.06474],[1.0715,41.06613],[1.07837,41.06372],[1.08324,41.06375],[1.08371,41.06168],[1.08339,41.06363],[1.11781,41.07365],[1.10286,41.08367],[1.09409,41.09221],[1.09497,41.09665],[1.09387,41.0987],[1.09474,41.10119],[1.09388,41.10855],[1.10128,41.11369],[1.10345,41.11376],[1.11288,41.10697],[1.11103,41.10621],[1.11209,41.10531],[1.12407,41.10218],[1.12672,41.103],[1.12664,41.10616],[1.12796,41.10782],[1.12567,41.11366],[1.12676,41.11374],[1.12612,41.11759],[1.12365,41.12183],[1.12082,41.12278],[1.1193,41.12184],[1.12129,41.12804],[1.12012,41.13034],[1.13129,41.13077],[1.14819,41.12229],[1.15231,41.12263],[1.1649,41.10871],[1.17662,41.10844],[1.17642,41.11051],[1.1678,41.11685],[1.17427,41.11967],[1.17156,41.12938],[1.16889,41.1313],[1.16698,41.12905],[1.16221,41.13308],[1.16506,41.13838],[1.17842,41.1381],[1.1765,41.13716],[1.17791,41.136],[1.17157,41.13387],[1.17677,41.13032],[1.18903,41.12825],[1.19115,41.13138],[1.1812,41.13658],[1.17722,41.1441],[1.16918,41.14948],[1.16073,41.15008],[1.14379,41.17047],[1.14956,41.17234],[1.15441,41.17914],[1.16205,41.18221],[1.16902,41.18854],[1.17823,41.20332],[1.1799,41.20932],[1.18409,41.214],[1.17743,41.21422],[1.17944,41.22157],[1.15965,41.22853],[1.15343,41.23209],[1.15678,41.23647],[1.16048,41.23848],[1.14355,41.24722],[1.14436,41.24848],[1.14239,41.25139],[1.13987,41.25235],[1.14208,41.25342],[1.14068,41.25834],[1.12733,41.25951],[1.12417,41.25711],[1.11956,41.26118],[1.11628,41.2593],[1.10404,41.257],[1.10268,41.25737],[1.09989,41.26604],[1.09349,41.26592],[1.08878,41.26374],[1.0531,41.26808],[1.05814,41.27335],[1.05741,41.29412],[1.06622,41.30474],[1.05386,41.3063],[1.04287,41.31832],[1.06411,41.32629],[1.0604,41.32524],[1.0555,41.3264],[1.04722,41.32497],[1.04068,41.32529],[1.03691,41.32662],[1.03443,41.32974],[1.02728,41.32606],[1.02454,41.32867],[1.02161,41.32863],[1.0189,41.33074],[1.02051,41.33191],[1.01957,41.33298],[1.01359,41.32813],[1.0099,41.32796],[1.00567,41.32563],[1.00378,41.32606],[1.00168,41.33039],[1.00443,41.33593],[1.00345,41.33867],[1.00488,41.34605],[1.00177,41.34776]]]]}},{"type":"Feature","id":"09","properties":{"code":"09","name":"Baix Ebre","areaKm2":1000.44},"geometry":{"type":"MultiPolygon","coordinates":[[[[0.73291,40.78797],[0.73153,40.78923],[0.73172,40.78794],[0.73035,40.78877],[0.72895,40.78785],[0.73079,40.78657],[0.73209,40.78703],[0.73109,40.78765],[0.7333,40.78722],[0.73291,40.78797]]],[[[0.55913,41.01486],[0.55346,41.00963],[0.54757,41.00991],[0.54203,41.00724],[0.53538,41.00111],[0.53085,41.00108],[0.52295,40.997],[0.5145,40.99755],[0.51008,40.99496],[0.50652,40.99495],[0.50463,40.99294],[0.50505,40.99041],[0.49788,40.98761],[0.49647,40.98412],[0.49192,40.9826],[0.49187,40.98107],[0.48846,40.97958],[0.48588,40.97657],[0.47685,40.97723],[0.46883,40.98013],[0.46713,40.97801],[0.45906,40.97718],[0.45455,40.97833],[0.45387,40.97577],[0.44986,40.97159],[0.44966,40.96845],[0.44747,40.96782],[0.44489,40.96406],[0.43877,40.96178],[0.42228,40.96054],[0.42188,40.95935],[0.41668,40.95767],[0.40634,40.9576],[0.40195,40.95633],[0.39963,40.95387],[0.39343,40.95518],[0.39045,40.95161],[0.39224,40.94822],[0.38726,40.94477],[0.38241,40.94338],[0.37945,40.94526],[0.37261,40.94203],[0.37068,40.94268],[0.36949,40.93839],[0.37177,40.93692],[0.36673,40.93324],[0.36626,40.93132],[0.3672,40.92855],[0.36913,40.92717],[0.36856,40.91979],[0.36454,40.91644],[0.36576,40.91203],[0.36464,40.90958],[0.36281,40.90903],[0.36447,40.90548],[0.36838,40.90249],[0.36404,40.89852],[0.3671,40.89259],[0.36979,40.89057],[0.36614,40.88546],[0.36036,40.8831],[0.36206,40.88034],[0.35669,40.87728],[0.35239,40.871],[0.34214,40.86048],[0.33991,40.85997],[0.33392,40.85308],[0.3335,40.84968],[0.3311,40.84722],[0.32501,40.84385],[0.32168,40.84416],[0.31476,40.84204],[0.30552,40.83532],[0.29681,40.82115],[0.29223,40.81588],[0.28436,40.81894],[0.28066,40.81914],[0.27889,40.81779],[0.27293,40.81872],[0.27298,40.81735],[0.27094,40.8158],[0.26579,40.81339],[0.25965,40.80434],[0.25876,40.80019],[0.25059,40.79852],[0.24499,40.79198],[0.23413,40.78696],[0.23312,40.77938],[0.24997,40.78257],[0.25268,40.78128],[0.2641,40.78196],[0.2668,40.7801],[0.27199,40.78023],[0.27743,40.77308],[0.27017,40.76922],[0.27067,40.76763],[0.27552,40.76688],[0.27664,40.76288],[0.27929,40.76658],[0.28655,40.76873],[0.28823,40.76678],[0.28677,40.7653],[0.28864,40.76203],[0.28803,40.76079],[0.29019,40.75857],[0.28868,40.75609],[0.29062,40.756],[0.29115,40.75418],[0.29023,40.75167],[0.29937,40.75035],[0.31171,40.74555],[0.32251,40.75174],[0.3264,40.75175],[0.33056,40.76052],[0.34311,40.7577],[0.3843,40.76282],[0.38322,40.75802],[0.39405,40.75352],[0.39899,40.7482],[0.41246,40.74049],[0.42114,40.73856],[0.43207,40.73832],[0.44004,40.73611],[0.45636,40.73845],[0.47454,40.73686],[0.4928,40.73949],[0.49842,40.73838],[0.50215,40.73973],[0.50604,40.73829],[0.51497,40.74169],[0.51708,40.74473],[0.51846,40.74442],[0.5181,40.74308],[0.51988,40.74299],[0.52383,40.74611],[0.53077,40.74539],[0.53258,40.74567],[0.53359,40.74762],[0.53695,40.74813],[0.54065,40.74738],[0.54548,40.74426],[0.55165,40.74411],[0.55122,40.74581],[0.56139,40.75177],[0.56541,40.75012],[0.56839,40.74679],[0.57455,40.72626],[0.57993,40.71574],[0.59374,40.7088],[0.61178,40.70579],[0.6181,40.70604],[0.6391,40.71366],[0.66177,40.71963],[0.67421,40.72112],[0.68283,40.71505],[0.68769,40.71336],[0.69312,40.71472],[0.70577,40.71461],[0.73736,40.7098],[0.75345,40.70976],[0.76265,40.70303],[0.77848,40.69631],[0.79339,40.69429],[0.80534,40.69834],[0.81707,40.70657],[0.82966,40.7101],[0.84196,40.71538],[0.85628,40.71865],[0.87416,40.71938],[0.87177,40.73053],[0.87154,40.72943],[0.86632,40.73026],[0.86151,40.73725],[0.85838,40.73714],[0.86152,40.73677],[0.86026,40.73579],[0.85108,40.73478],[0.84527,40.73122],[0.85475,40.73467],[0.85845,40.73501],[0.85944,40.73383],[0.8543,40.73367],[0.84509,40.73074],[0.83551,40.73123],[0.82652,40.73506],[0.80674,40.75425],[0.80554,40.7536],[0.80626,40.75466],[0.79622,40.76332],[0.77845,40.78432],[0.76827,40.79143],[0.75733,40.79396],[0.74597,40.7938],[0.72978,40.79114],[0.72525,40.78818],[0.72594,40.78759],[0.72613,40.78884],[0.72928,40.79039],[0.73577,40.79124],[0.73257,40.78895],[0.74133,40.78744],[0.76785,40.77869],[0.78287,40.77302],[0.78462,40.77022],[0.78359,40.77064],[0.78453,40.7694],[0.78285,40.7713],[0.78385,40.76961],[0.78246,40.76873],[0.78441,40.76941],[0.78257,40.76763],[0.7823,40.76964],[0.78237,40.76756],[0.781,40.77009],[0.78012,40.76952],[0.78149,40.76827],[0.77816,40.7673],[0.77712,40.76877],[0.77819,40.7665],[0.77708,40.76749],[0.77707,40.76607],[0.77581,40.76765],[0.77525,40.76585],[0.77392,40.76665],[0.7748,40.76544],[0.77201,40.76503],[0.77267,40.76405],[0.7712,40.76348],[0.77258,40.76392],[0.76939,40.76244],[0.76828,40.76366],[0.77041,40.76298],[0.76816,40.7639],[0.76479,40.76255],[0.76353,40.76359],[0.76442,40.76226],[0.76233,40.76176],[0.76165,40.76335],[0.76081,40.7623],[0.75473,40.76298],[0.75464,40.76447],[0.75448,40.76307],[0.75412,40.76407],[0.75235,40.76353],[0.75422,40.76304],[0.75032,40.76362],[0.75019,40.76475],[0.74018,40.76622],[0.73909,40.76839],[0.73836,40.7674],[0.73962,40.76653],[0.73782,40.76658],[0.73867,40.7686],[0.73659,40.76738],[0.73757,40.76659],[0.73572,40.76761],[0.73739,40.76766],[0.73551,40.76775],[0.73697,40.76663],[0.7293,40.76981],[0.72198,40.77862],[0.71771,40.77985],[0.70893,40.78602],[0.69956,40.80068],[0.70043,40.80416],[0.70669,40.80998],[0.70959,40.80933],[0.70801,40.81004],[0.70964,40.80976],[0.70851,40.81016],[0.70995,40.81007],[0.70882,40.81047],[0.71025,40.81028],[0.70917,40.81066],[0.7105,40.81049],[0.70979,40.81127],[0.71085,40.81078],[0.71151,40.81214],[0.71239,40.81152],[0.70972,40.80816],[0.71068,40.80747],[0.71293,40.81185],[0.71939,40.81358],[0.72482,40.81727],[0.73212,40.81851],[0.73221,40.82103],[0.73505,40.82385],[0.74134,40.82337],[0.74122,40.82503],[0.74356,40.82555],[0.742,40.82577],[0.74143,40.82957],[0.74489,40.83851],[0.74927,40.84091],[0.74867,40.84304],[0.75205,40.84628],[0.75877,40.84768],[0.76261,40.8465],[0.76428,40.84894],[0.76375,40.85085],[0.76988,40.85784],[0.78179,40.86042],[0.78218,40.86201],[0.787,40.86368],[0.78832,40.86571],[0.79211,40.86651],[0.79287,40.86877],[0.79536,40.86978],[0.79599,40.87226],[0.79497,40.87422],[0.79711,40.87443],[0.79597,40.87614],[0.79871,40.87654],[0.79808,40.87742],[0.79978,40.87886],[0.80219,40.87927],[0.80035,40.87911],[0.80314,40.88154],[0.80136,40.88129],[0.80256,40.88213],[0.80185,40.88281],[0.80387,40.88212],[0.80498,40.88301],[0.80285,40.8774],[0.80547,40.88444],[0.80812,40.88608],[0.80701,40.88698],[0.80971,40.88782],[0.81417,40.89199],[0.81687,40.89194],[0.81602,40.89341],[0.81784,40.89329],[0.82006,40.89752],[0.82509,40.90146],[0.82418,40.90262],[0.82686,40.90334],[0.82665,40.90823],[0.83001,40.90932],[0.83006,40.91091],[0.83188,40.91044],[0.83384,40.91171],[0.83224,40.91313],[0.83572,40.9149],[0.83361,40.916],[0.83633,40.91506],[0.83572,40.91349],[0.83694,40.91495],[0.83672,40.9189],[0.84136,40.92077],[0.84143,40.92213],[0.84323,40.92138],[0.84334,40.92267],[0.8483,40.92573],[0.84764,40.92672],[0.85018,40.92699],[0.84961,40.92812],[0.8515,40.92963],[0.85076,40.92621],[0.85266,40.92916],[0.85194,40.93133],[0.85731,40.93532],[0.84787,40.93738],[0.84604,40.93677],[0.84147,40.93881],[0.83556,40.93748],[0.8257,40.94141],[0.80266,40.93867],[0.78947,40.93875],[0.76123,40.93321],[0.75022,40.93239],[0.73951,40.939],[0.69863,40.94417],[0.69319,40.94264],[0.69011,40.94374],[0.68654,40.94116],[0.68237,40.94041],[0.67925,40.94485],[0.67223,40.94606],[0.66663,40.94365],[0.66286,40.94488],[0.65505,40.94356],[0.64897,40.93997],[0.61567,40.93234],[0.61145,40.9302],[0.60474,40.93328],[0.60453,40.93476],[0.60079,40.9354],[0.59954,40.94037],[0.58719,40.94076],[0.58899,40.94696],[0.59295,40.95056],[0.5882,40.9566],[0.58307,40.95794],[0.58254,40.96119],[0.58427,40.96384],[0.57828,40.9678],[0.57813,40.96878],[0.58172,40.97054],[0.58366,40.97549],[0.57485,40.97688],[0.57345,40.98014],[0.56506,40.98472],[0.56618,40.98523],[0.56551,40.98936],[0.57279,40.99169],[0.57628,40.99567],[0.56895,40.99853],[0.57346,41.00036],[0.56611,41.00655],[0.56315,41.00705],[0.55913,41.01486]]]]}},{"type":"Feature","id":"10","properties":{"code":"10","name":"Baix Empordà","areaKm2":700.7},"geometry":{"type":"MultiPolygon","coordinates":[[[[3.22515,42.04918],[3.22448,42.05009],[3.22329,42.04876],[3.22035,42.04928],[3.219,42.04807],[3.22328,42.04483],[3.22522,42.04761],[3.22663,42.0476],[3.22515,42.04918]]],[[[3.00952,42.13462],[3.00422,42.14047],[3.00204,42.14009],[3.00061,42.13791],[3.00129,42.13505],[2.99555,42.13432],[2.99876,42.1302],[2.99557,42.12953],[2.99504,42.12331],[2.98151,42.1188],[2.97524,42.1151],[2.96165,42.11438],[2.96021,42.11224],[2.95577,42.11276],[2.95427,42.11213],[2.95274,42.10735],[2.95191,42.09776],[2.95268,42.09676],[2.95736,42.09662],[2.95844,42.09401],[2.96892,42.08461],[2.971,42.0746],[2.97289,42.07303],[2.9781,42.07299],[2.97765,42.06653],[2.97268,42.06098],[2.97872,42.05213],[2.98163,42.04524],[2.97938,42.03597],[2.96558,42.03496],[2.96236,42.03881],[2.95913,42.03804],[2.95641,42.03218],[2.95298,42.03308],[2.95169,42.0057],[2.95807,41.9992],[2.95969,42.00047],[2.9675,41.99867],[2.97299,42.00096],[2.97842,42.00017],[2.98716,41.98917],[2.98174,41.98371],[2.97555,41.98275],[2.97561,41.97805],[2.96819,41.97515],[2.94967,41.97297],[2.94507,41.96608],[2.94779,41.96199],[2.94594,41.95524],[2.94907,41.94794],[2.94484,41.9473],[2.94626,41.93943],[2.94357,41.93867],[2.93533,41.93982],[2.9282,41.93759],[2.92413,41.93787],[2.92154,41.93696],[2.92075,41.93355],[2.91881,41.93188],[2.91384,41.92995],[2.91165,41.93135],[2.91199,41.93439],[2.89788,41.9329],[2.89759,41.93089],[2.9022,41.92233],[2.90228,41.91897],[2.88541,41.9094],[2.89483,41.90141],[2.90599,41.90251],[2.93631,41.89794],[2.94642,41.88708],[2.95647,41.88473],[2.95344,41.88243],[2.95283,41.8795],[2.95072,41.87909],[2.95107,41.8769],[2.94474,41.87216],[2.94498,41.86854],[2.9418,41.86636],[2.94876,41.86344],[2.96194,41.85138],[2.96206,41.84679],[2.9663,41.84392],[2.96658,41.83913],[2.96779,41.83698],[2.96895,41.8371],[2.97088,41.82812],[2.96983,41.82652],[2.96629,41.82576],[2.96245,41.8269],[2.94926,41.82676],[2.94634,41.8255],[2.94356,41.82697],[2.93334,41.82783],[2.93242,41.82617],[2.92974,41.8254],[2.93097,41.8231],[2.93032,41.8217],[2.93551,41.81352],[2.93459,41.81068],[2.94348,41.7895],[2.95577,41.78652],[2.96009,41.77414],[2.95269,41.77086],[2.95013,41.76808],[2.95693,41.76288],[2.95633,41.76076],[2.95975,41.75933],[2.96121,41.75751],[2.96043,41.75666],[2.96319,41.75663],[2.96344,41.75513],[2.96533,41.75532],[2.96754,41.75302],[2.97526,41.75387],[2.97614,41.75676],[2.98073,41.75799],[2.981,41.75961],[2.98247,41.75888],[2.98444,41.76076],[2.99348,41.76146],[2.99495,41.76302],[2.99844,41.76328],[2.99732,41.76469],[3.00022,41.76586],[3.00279,41.76516],[3.00155,41.76544],[3.00151,41.76683],[3.01081,41.77209],[3.02604,41.77396],[3.02777,41.77318],[3.02812,41.77137],[3.03177,41.77149],[3.03225,41.7725],[3.02951,41.77592],[3.03023,41.77978],[3.03443,41.78031],[3.03551,41.77913],[3.03598,41.78045],[3.03646,41.77909],[3.0364,41.78015],[3.03756,41.7801],[3.03797,41.77833],[3.0345,41.77732],[3.034,41.77828],[3.0344,41.77727],[3.03308,41.77667],[3.03988,41.7788],[3.04371,41.77856],[3.0447,41.78083],[3.0436,41.7817],[3.04867,41.78266],[3.04621,41.78347],[3.04726,41.78472],[3.04484,41.7863],[3.04561,41.78843],[3.05306,41.79078],[3.05569,41.78711],[3.05672,41.78817],[3.05563,41.78864],[3.05934,41.7908],[3.0578,41.79133],[3.06149,41.79513],[3.06113,41.79815],[3.06533,41.80023],[3.06529,41.80121],[3.06285,41.80067],[3.06085,41.80365],[3.05522,41.80501],[3.06267,41.80448],[3.06279,41.80173],[3.06664,41.80072],[3.06481,41.8022],[3.06496,41.8036],[3.07151,41.8192],[3.0754,41.82275],[3.07859,41.82304],[3.08166,41.8259],[3.08422,41.82601],[3.08785,41.83166],[3.09302,41.83228],[3.09223,41.83364],[3.09391,41.83531],[3.09353,41.83752],[3.09979,41.84318],[3.10271,41.84386],[3.10179,41.84407],[3.1024,41.84506],[3.10378,41.8445],[3.10516,41.84513],[3.10422,41.84532],[3.10487,41.84621],[3.10734,41.84582],[3.10761,41.84708],[3.11129,41.84804],[3.11345,41.84737],[3.11395,41.84855],[3.12145,41.84729],[3.12225,41.84815],[3.12771,41.84553],[3.12335,41.84522],[3.12407,41.84352],[3.12387,41.8446],[3.12514,41.84497],[3.12555,41.84325],[3.12619,41.84476],[3.12821,41.84296],[3.12005,41.84162],[3.12849,41.84237],[3.12916,41.84113],[3.13583,41.84519],[3.13336,41.84466],[3.13239,41.84628],[3.13687,41.84764],[3.13632,41.84629],[3.13728,41.8459],[3.13579,41.84407],[3.13761,41.8457],[3.1378,41.84888],[3.14488,41.84967],[3.14576,41.8513],[3.14446,41.8531],[3.14532,41.85354],[3.14273,41.85511],[3.14287,41.8569],[3.14571,41.85873],[3.14757,41.8578],[3.15052,41.85877],[3.15027,41.86087],[3.15159,41.86198],[3.15771,41.86224],[3.159,41.85961],[3.15889,41.86097],[3.1612,41.86046],[3.16521,41.86186],[3.16579,41.86379],[3.16994,41.86284],[3.17332,41.86575],[3.17676,41.86633],[3.1763,41.86744],[3.17824,41.86827],[3.17696,41.86992],[3.1783,41.87159],[3.17744,41.87223],[3.17948,41.87364],[3.17838,41.87495],[3.1817,41.87626],[3.17903,41.87724],[3.1782,41.8791],[3.18325,41.88176],[3.18164,41.88455],[3.18249,41.88715],[3.1881,41.88867],[3.19081,41.88804],[3.1916,41.88988],[3.19366,41.89053],[3.19268,41.89197],[3.19438,41.8936],[3.19671,41.89367],[3.19677,41.89243],[3.19554,41.89291],[3.19869,41.89163],[3.2029,41.89157],[3.20535,41.90028],[3.20796,41.90036],[3.20955,41.90203],[3.20876,41.90292],[3.21005,41.90491],[3.20682,41.90803],[3.21201,41.90916],[3.20729,41.91303],[3.20943,41.91463],[3.20729,41.91704],[3.20853,41.91803],[3.21072,41.91694],[3.21626,41.91818],[3.21687,41.91963],[3.21544,41.92153],[3.21879,41.92264],[3.21742,41.9224],[3.21826,41.92354],[3.21618,41.92416],[3.21935,41.92665],[3.2175,41.92758],[3.21797,41.92866],[3.21492,41.92899],[3.21574,41.93053],[3.21957,41.93182],[3.21807,41.93187],[3.21902,41.93322],[3.2179,41.93332],[3.22053,41.93484],[3.21889,41.93458],[3.2185,41.93567],[3.21667,41.93398],[3.2159,41.93581],[3.21419,41.93632],[3.21583,41.93829],[3.21693,41.93791],[3.21645,41.9387],[3.21748,41.93779],[3.21692,41.93942],[3.21854,41.94071],[3.21782,41.94242],[3.226,41.94553],[3.22822,41.94863],[3.23347,41.95037],[3.22934,41.9549],[3.23209,41.95845],[3.23365,41.95857],[3.23356,41.962],[3.23181,41.95947],[3.22974,41.9605],[3.23049,41.96257],[3.22694,41.96427],[3.2318,41.96591],[3.23022,41.96799],[3.23125,41.96905],[3.2268,41.97016],[3.22153,41.97442],[3.21331,41.9743],[3.21213,41.9729],[3.21045,41.97362],[3.21118,41.97739],[3.20266,41.98904],[3.19847,41.99966],[3.19492,42.01634],[3.19427,42.02889],[3.19712,42.04512],[3.20105,42.0515],[3.20396,42.0506],[3.20557,42.05157],[3.20404,42.05094],[3.2007,42.05333],[3.20309,42.05289],[3.2028,42.05408],[3.20414,42.05451],[3.20652,42.05365],[3.20425,42.05217],[3.20771,42.0535],[3.20829,42.05222],[3.2056,42.05066],[3.2068,42.05067],[3.20865,42.05297],[3.21212,42.05415],[3.211,42.05537],[3.21255,42.05762],[3.21195,42.05854],[3.21366,42.05952],[3.21206,42.05942],[3.21465,42.0612],[3.20975,42.06155],[3.21086,42.06356],[3.20899,42.06568],[3.21089,42.06759],[3.21197,42.06686],[3.21207,42.06868],[3.20649,42.07062],[3.20711,42.07213],[3.20255,42.07351],[3.20426,42.07456],[3.1986,42.0776],[3.19845,42.08],[3.20243,42.08125],[3.20203,42.08215],[3.20093,42.0828],[3.1997,42.08133],[3.19841,42.08354],[3.19508,42.08314],[3.19607,42.08456],[3.19439,42.08466],[3.19536,42.08602],[3.19205,42.08954],[3.19268,42.09099],[3.19143,42.09043],[3.1902,42.09446],[3.18778,42.0954],[3.18868,42.09666],[3.18788,42.09802],[3.18437,42.09924],[3.18366,42.10347],[3.18168,42.10374],[3.18181,42.10527],[3.17956,42.1028],[3.17718,42.10373],[3.1746,42.10251],[3.17173,42.1032],[3.16941,42.10544],[3.16876,42.10662],[3.17007,42.10838],[3.16151,42.1089],[3.15366,42.10439],[3.13207,42.0983],[3.12986,42.10803],[3.12805,42.10843],[3.10838,42.10295],[3.10565,42.11301],[3.10763,42.11679],[3.09714,42.11877],[3.09477,42.12665],[3.09101,42.12563],[3.09084,42.12146],[3.08879,42.12195],[3.08855,42.12094],[3.08593,42.12126],[3.08567,42.11976],[3.07715,42.11894],[3.07741,42.11779],[3.07448,42.11752],[3.07449,42.1189],[3.06664,42.11856],[3.05963,42.11629],[3.0593,42.11463],[3.04993,42.11248],[3.05015,42.10969],[3.04533,42.11017],[3.04179,42.11675],[3.03479,42.12136],[3.03317,42.12391],[3.02137,42.12753],[3.01856,42.12683],[3.01457,42.13072],[3.01423,42.1334],[3.00952,42.13462]]]]}},{"type":"Feature","id":"11","properties":{"code":"11","name":"Baix Llobregat","areaKm2":487.18},"geometry":{"type":"MultiPolygon","coordinates":[[[[1.81284,41.6035],[1.80875,41.57947],[1.80708,41.57461],[1.80622,41.57478],[1.80601,41.5717],[1.79434,41.56165],[1.79867,41.55819],[1.80269,41.55823],[1.80566,41.55634],[1.80777,41.55694],[1.81738,41.55437],[1.8173,41.5508],[1.82013,41.54589],[1.82351,41.54296],[1.82563,41.54273],[1.82371,41.54077],[1.82668,41.53905],[1.83063,41.53286],[1.83756,41.52908],[1.84198,41.5236],[1.85352,41.51994],[1.85522,41.51748],[1.85375,41.51382],[1.85575,41.51121],[1.85441,41.50703],[1.84316,41.50689],[1.83856,41.50016],[1.83891,41.49887],[1.84216,41.49637],[1.84428,41.49136],[1.85788,41.48324],[1.87139,41.47735],[1.87344,41.47263],[1.87193,41.4658],[1.87269,41.46027],[1.89145,41.43985],[1.8945,41.43809],[1.89713,41.43309],[1.89488,41.43007],[1.89131,41.43002],[1.8912,41.42794],[1.88738,41.42361],[1.88943,41.42225],[1.88881,41.41897],[1.88545,41.4156],[1.88213,41.41454],[1.8809,41.41173],[1.88495,41.40814],[1.8826,41.40563],[1.87762,41.40417],[1.87483,41.395],[1.87667,41.38961],[1.86934,41.38728],[1.87089,41.38041],[1.88182,41.37319],[1.88696,41.37237],[1.89061,41.36794],[1.88891,41.36569],[1.89007,41.36279],[1.89698,41.36014],[1.89655,41.3568],[1.89838,41.35481],[1.89594,41.3515],[1.89203,41.35061],[1.88229,41.34381],[1.87428,41.34432],[1.87047,41.34308],[1.86971,41.34214],[1.871,41.33818],[1.86181,41.33424],[1.85986,41.33231],[1.86032,41.33021],[1.85624,41.32709],[1.85187,41.31947],[1.84785,41.31932],[1.8497,41.31864],[1.85019,41.31646],[1.84797,41.31245],[1.84825,41.30931],[1.84673,41.30635],[1.85127,41.30173],[1.85468,41.30049],[1.85395,41.29917],[1.85478,41.29856],[1.85871,41.29763],[1.85998,41.29912],[1.8621,41.29627],[1.86939,41.29625],[1.87267,41.29345],[1.87101,41.29116],[1.86907,41.28129],[1.87088,41.28063],[1.87143,41.27864],[1.8727,41.27965],[1.88259,41.27811],[1.88548,41.2796],[1.88542,41.28164],[1.88983,41.28344],[1.9022,41.28085],[1.90965,41.28346],[1.91375,41.28875],[1.92409,41.2913],[1.93187,41.28506],[1.94374,41.27922],[1.93738,41.27499],[1.93982,41.27072],[1.93924,41.26912],[1.94327,41.26625],[1.9445,41.26349],[1.99461,41.26406],[2.02379,41.26613],[2.07457,41.2764],[2.1075,41.28742],[2.12962,41.2974],[2.13608,41.29763],[2.13791,41.29311],[2.1365,41.29755],[2.13706,41.3006],[2.14424,41.29568],[2.15163,41.29545],[2.16666,41.30887],[2.16752,41.3119],[2.16542,41.31784],[2.16682,41.30977],[2.15542,41.29816],[2.15262,41.29623],[2.15145,41.29779],[2.14465,41.2979],[2.14274,41.29928],[2.14509,41.30284],[2.14267,41.30302],[2.14235,41.30422],[2.144,41.30424],[2.15495,41.31523],[2.15291,41.31632],[2.15636,41.32061],[2.15212,41.32169],[2.15271,41.32281],[2.15173,41.32315],[2.14986,41.32068],[2.13071,41.32077],[2.1189,41.32273],[2.1123,41.32612],[2.10479,41.33393],[2.08952,41.3413],[2.0923,41.34807],[2.09988,41.35192],[2.0956,41.35904],[2.09359,41.35852],[2.08936,41.36361],[2.08705,41.36453],[2.08678,41.36678],[2.08786,41.36903],[2.09129,41.36911],[2.09398,41.36712],[2.09928,41.36866],[2.09873,41.37023],[2.10129,41.37396],[2.10026,41.37642],[2.10332,41.37898],[2.10124,41.38293],[2.10211,41.38757],[2.09779,41.39396],[2.10283,41.40052],[2.10379,41.40402],[2.10181,41.40512],[2.10061,41.40837],[2.09745,41.40912],[2.09436,41.40793],[2.08569,41.40974],[2.08042,41.40596],[2.07859,41.40312],[2.07279,41.40316],[2.07,41.40703],[2.07206,41.40754],[2.07223,41.41108],[2.07858,41.41498],[2.07049,41.41881],[2.06441,41.4179],[2.0649,41.41609],[2.06353,41.41356],[2.05829,41.41282],[2.059,41.41099],[2.05685,41.41033],[2.05464,41.41395],[2.0569,41.416],[2.05647,41.42136],[2.05233,41.42423],[2.05766,41.42642],[2.05767,41.43581],[2.05936,41.43539],[2.05985,41.43765],[2.06159,41.43752],[2.06419,41.44213],[2.06364,41.44377],[2.05475,41.44556],[2.04073,41.44422],[2.03768,41.44214],[2.03295,41.44169],[2.03156,41.44267],[2.03126,41.44555],[2.02716,41.44675],[2.02372,41.45069],[2.02458,41.45209],[2.02357,41.45747],[2.01557,41.45898],[2.01122,41.45796],[2.01052,41.45665],[1.99973,41.46024],[1.99898,41.45886],[2.00113,41.45631],[1.99572,41.45141],[1.99596,41.43993],[1.99408,41.43559],[1.99258,41.43803],[1.97839,41.44915],[1.9756,41.45993],[1.97329,41.46371],[1.96869,41.46386],[1.96158,41.45973],[1.95085,41.46701],[1.95167,41.46897],[1.95074,41.47176],[1.94658,41.46755],[1.94516,41.46758],[1.93401,41.47926],[1.93243,41.48546],[1.92274,41.48925],[1.92155,41.49228],[1.9223,41.49542],[1.9302,41.49594],[1.93325,41.50083],[1.9335,41.50457],[1.93559,41.50547],[1.93663,41.50913],[1.95115,41.51016],[1.95133,41.52293],[1.94901,41.52571],[1.93872,41.52842],[1.93601,41.53037],[1.93629,41.53204],[1.93218,41.53631],[1.93352,41.53755],[1.93108,41.53933],[1.93258,41.54194],[1.93104,41.54189],[1.93094,41.54382],[1.92967,41.54402],[1.92852,41.54697],[1.92913,41.54876],[1.92561,41.55085],[1.92856,41.55287],[1.92676,41.55236],[1.92435,41.55552],[1.9188,41.55646],[1.92227,41.55945],[1.92248,41.5608],[1.92079,41.56026],[1.92036,41.56207],[1.92231,41.5641],[1.9204,41.56471],[1.92352,41.56757],[1.92025,41.56975],[1.92041,41.5711],[1.90921,41.57049],[1.88444,41.57907],[1.89117,41.58069],[1.88841,41.58399],[1.88101,41.5854],[1.87878,41.58953],[1.8713,41.58941],[1.86965,41.5882],[1.86737,41.59101],[1.86331,41.59228],[1.85081,41.59066],[1.83818,41.59259],[1.83169,41.5909],[1.82557,41.59291],[1.8221,41.59804],[1.81895,41.59931],[1.81723,41.60172],[1.81281,41.60207],[1.81284,41.6035]],[[2.15255,41.31643],[2.15047,41.31764],[2.15336,41.32091],[2.15214,41.32163],[2.15386,41.32192],[2.15647,41.32014],[2.15255,41.31643]]]]}},{"type":"Feature","id":"12","properties":{"code":"12","name":"Baix Penedès","areaKm2":296.15},"geometry":{"type":"MultiPolygon","coordinates":[[[[1.63379,41.31332],[1.62926,41.31046],[1.63789,41.3098],[1.64243,41.31288],[1.63379,41.31332]]],[[[1.54983,41.36945],[1.54717,41.37288],[1.54805,41.3746],[1.54586,41.3794],[1.54171,41.38089],[1.53702,41.38534],[1.5283,41.3677],[1.51827,41.36456],[1.51252,41.35916],[1.50436,41.36159],[1.49374,41.35528],[1.46282,41.35624],[1.42718,41.33608],[1.402,41.325],[1.40363,41.32125],[1.41473,41.31739],[1.42029,41.31382],[1.42546,41.30816],[1.42411,41.30473],[1.41883,41.303],[1.41561,41.29861],[1.40971,41.29869],[1.39897,41.29228],[1.41461,41.28749],[1.429,41.28613],[1.43507,41.28711],[1.43583,41.28525],[1.43344,41.2824],[1.4395,41.2723],[1.40869,41.27505],[1.40271,41.27079],[1.40306,41.26764],[1.39999,41.26346],[1.41881,41.26286],[1.43438,41.255],[1.43512,41.25126],[1.42609,41.24818],[1.42093,41.24858],[1.41515,41.24527],[1.4127,41.24043],[1.40592,41.23738],[1.40632,41.22688],[1.39867,41.22108],[1.39042,41.22082],[1.39156,41.21332],[1.3952,41.20557],[1.39935,41.20602],[1.40326,41.2101],[1.40878,41.21335],[1.41732,41.21162],[1.42608,41.21164],[1.42748,41.20824],[1.43569,41.20238],[1.44732,41.20455],[1.45792,41.20349],[1.47677,41.20853],[1.47927,41.2064],[1.47775,41.20073],[1.47853,41.19289],[1.48306,41.18947],[1.48313,41.18653],[1.4957,41.17317],[1.5216,41.17888],[1.52544,41.17758],[1.52676,41.1783],[1.52735,41.17721],[1.52511,41.17726],[1.52734,41.17668],[1.52722,41.17833],[1.53119,41.18014],[1.5426,41.18284],[1.58905,41.18839],[1.60325,41.1886],[1.60513,41.18814],[1.60567,41.18499],[1.60678,41.18452],[1.60762,41.18471],[1.60593,41.18596],[1.60717,41.1853],[1.60746,41.1867],[1.6063,41.18631],[1.60586,41.18892],[1.60729,41.18906],[1.6083,41.18544],[1.60754,41.18365],[1.60855,41.18479],[1.60818,41.18842],[1.61344,41.19015],[1.61774,41.19095],[1.62102,41.19014],[1.6231,41.19154],[1.62449,41.19055],[1.62686,41.19196],[1.63044,41.19117],[1.62966,41.19183],[1.63094,41.19264],[1.63733,41.19249],[1.63792,41.19373],[1.64048,41.19286],[1.63952,41.19288],[1.64051,41.19418],[1.64346,41.19335],[1.64574,41.19486],[1.64205,41.20004],[1.64132,41.21161],[1.64711,41.21167],[1.64651,41.20863],[1.65327,41.20738],[1.64827,41.21255],[1.6476,41.21665],[1.64414,41.22058],[1.64619,41.22857],[1.64124,41.23542],[1.63381,41.23064],[1.63388,41.22854],[1.63203,41.22831],[1.63036,41.22391],[1.62332,41.22259],[1.61452,41.22608],[1.61417,41.22987],[1.60226,41.23497],[1.59343,41.23372],[1.58398,41.23717],[1.58315,41.23599],[1.57864,41.24155],[1.57561,41.24957],[1.57539,41.25537],[1.57012,41.26066],[1.58485,41.25731],[1.59436,41.25897],[1.5936,41.2579],[1.59634,41.25672],[1.595,41.25554],[1.59585,41.25493],[1.59918,41.25625],[1.59705,41.25343],[1.60257,41.25288],[1.60605,41.24991],[1.61266,41.25075],[1.61256,41.25183],[1.61696,41.25266],[1.6176,41.25452],[1.61989,41.2535],[1.62219,41.25474],[1.621,41.25624],[1.62422,41.26228],[1.6226,41.26363],[1.62322,41.2671],[1.6275,41.26967],[1.62586,41.27322],[1.62351,41.27396],[1.62367,41.2763],[1.61994,41.2771],[1.6301,41.28291],[1.6281,41.28405],[1.62959,41.28588],[1.62952,41.28862],[1.62696,41.29092],[1.62743,41.29414],[1.63303,41.29427],[1.63675,41.29609],[1.6315,41.2989],[1.62772,41.29621],[1.62481,41.29665],[1.61657,41.29332],[1.61181,41.28519],[1.60833,41.28547],[1.60741,41.28734],[1.60582,41.28601],[1.60291,41.28653],[1.60234,41.28744],[1.60431,41.28823],[1.60389,41.28916],[1.59901,41.28918],[1.59599,41.29238],[1.58829,41.29363],[1.59056,41.29689],[1.58864,41.29761],[1.59671,41.30712],[1.59636,41.30845],[1.59309,41.311],[1.58687,41.31265],[1.58396,41.31526],[1.58327,41.31419],[1.57831,41.31575],[1.57497,41.31499],[1.57255,41.31951],[1.57253,41.3221],[1.57425,41.32249],[1.57363,41.32553],[1.56913,41.32969],[1.56936,41.33283],[1.56634,41.33915],[1.55908,41.34332],[1.55998,41.34522],[1.57369,41.35541],[1.57819,41.35343],[1.57649,41.35571],[1.57886,41.35636],[1.57735,41.36084],[1.57822,41.36241],[1.57386,41.36341],[1.57058,41.36146],[1.57069,41.36409],[1.56917,41.3652],[1.57056,41.36665],[1.56747,41.36953],[1.56326,41.36967],[1.55952,41.36796],[1.55222,41.36818],[1.54983,41.36945]]]]}},{"type":"Feature","id":"14","properties":{"code":"14","name":"Berguedà","areaKm2":1184.15},"geometry":{"type":"MultiPolygon","coordinates":[[[[1.65924,42.11476],[1.65527,42.11326],[1.65228,42.11436],[1.65102,42.11337],[1.64715,42.11403],[1.6445,42.11147],[1.65086,42.11031],[1.66308,42.10531],[1.67883,42.10327],[1.6914,42.10457],[1.69202,42.10757],[1.69551,42.10816],[1.69388,42.10884],[1.69217,42.11292],[1.65924,42.11476]]],[[[1.9181,42.31761],[1.91236,42.31873],[1.90591,42.32235],[1.8997,42.32251],[1.89292,42.32109],[1.89306,42.31859],[1.89068,42.31716],[1.88333,42.31724],[1.88285,42.31516],[1.87867,42.31258],[1.87299,42.31358],[1.86375,42.31109],[1.86118,42.31331],[1.85768,42.31072],[1.85069,42.3107],[1.84366,42.30647],[1.83638,42.30553],[1.8332,42.30252],[1.83342,42.30053],[1.81793,42.29958],[1.81382,42.30226],[1.80447,42.30194],[1.79802,42.29875],[1.7972,42.29463],[1.79329,42.29359],[1.78774,42.29422],[1.78143,42.29289],[1.77919,42.29079],[1.77672,42.29041],[1.76213,42.29332],[1.75082,42.29078],[1.74421,42.29006],[1.74087,42.29091],[1.73722,42.28854],[1.73674,42.28458],[1.73406,42.28388],[1.71875,42.28339],[1.71556,42.2878],[1.70225,42.28468],[1.69306,42.28643],[1.68633,42.28503],[1.67493,42.28567],[1.67324,42.28377],[1.67119,42.28353],[1.67059,42.28126],[1.68059,42.27874],[1.68367,42.27602],[1.69007,42.27709],[1.69432,42.26399],[1.68544,42.26033],[1.68461,42.25644],[1.66364,42.25445],[1.66105,42.25247],[1.65847,42.25344],[1.63862,42.24741],[1.63336,42.24377],[1.63285,42.2412],[1.62606,42.23812],[1.62546,42.23249],[1.61729,42.22376],[1.61019,42.21267],[1.6118,42.20438],[1.61378,42.20332],[1.61384,42.20101],[1.61601,42.20299],[1.62054,42.20193],[1.62487,42.1979],[1.63505,42.19833],[1.64186,42.19654],[1.64313,42.19398],[1.64173,42.1921],[1.64352,42.18946],[1.64652,42.18796],[1.65067,42.1778],[1.65492,42.17461],[1.65473,42.1724],[1.65678,42.1701],[1.65227,42.16941],[1.65825,42.16524],[1.66262,42.16594],[1.66957,42.163],[1.6684,42.16635],[1.66893,42.17014],[1.67878,42.16758],[1.68091,42.17082],[1.68276,42.16604],[1.68514,42.16848],[1.68568,42.17234],[1.68914,42.17032],[1.69198,42.17061],[1.69108,42.17183],[1.69354,42.17255],[1.70097,42.16961],[1.7035,42.16665],[1.70651,42.16542],[1.7081,42.16109],[1.71636,42.16551],[1.7271,42.16726],[1.72798,42.17064],[1.7257,42.17434],[1.73168,42.18403],[1.73658,42.18345],[1.73473,42.18133],[1.73828,42.17509],[1.73646,42.17054],[1.73827,42.163],[1.7348,42.15895],[1.72897,42.15836],[1.72557,42.15347],[1.7206,42.15182],[1.7138,42.15472],[1.70957,42.15008],[1.70787,42.14995],[1.70486,42.14251],[1.70241,42.14155],[1.70388,42.14027],[1.69849,42.1346],[1.70052,42.13011],[1.69956,42.12791],[1.70751,42.1223],[1.70877,42.12287],[1.70906,42.12098],[1.7123,42.11903],[1.7095,42.10972],[1.70445,42.10598],[1.71157,42.10172],[1.72287,42.10008],[1.72215,42.09128],[1.71817,42.08752],[1.71691,42.08454],[1.71202,42.08478],[1.70763,42.08244],[1.69118,42.08679],[1.68788,42.07811],[1.69113,42.0754],[1.68693,42.06842],[1.67463,42.05865],[1.67475,42.05301],[1.67215,42.04541],[1.67056,42.04424],[1.67415,42.03914],[1.67947,42.03822],[1.68043,42.04531],[1.68269,42.04839],[1.6927,42.04555],[1.69729,42.03927],[1.69737,42.03654],[1.69436,42.03494],[1.6997,42.02887],[1.69702,42.02598],[1.69418,42.02812],[1.68931,42.02735],[1.68966,42.0264],[1.68396,42.02474],[1.67834,42.01839],[1.6748,42.01907],[1.67415,42.01763],[1.66997,42.01566],[1.66861,42.0128],[1.67013,42.00653],[1.66634,42.00301],[1.66104,42.00609],[1.66476,42.00736],[1.66562,42.01003],[1.66211,42.01076],[1.6615,42.01348],[1.66503,42.01862],[1.6644,42.02162],[1.66148,42.02271],[1.65835,42.02189],[1.65486,42.01964],[1.65565,42.01766],[1.65137,42.01349],[1.65246,42.00554],[1.64707,41.99993],[1.65104,41.99877],[1.65022,41.99715],[1.65203,41.99198],[1.6531,41.99338],[1.65507,41.99336],[1.65696,41.99832],[1.65446,41.99959],[1.6577,42.00291],[1.66191,42.00126],[1.66194,41.99751],[1.66075,41.99727],[1.66119,41.99168],[1.66219,41.99112],[1.6671,41.99042],[1.67674,41.99445],[1.68477,41.99513],[1.68979,41.99064],[1.69202,41.99052],[1.6914,41.98677],[1.69743,41.98568],[1.6981,41.98816],[1.69601,41.99147],[1.69884,41.99348],[1.69009,42.00511],[1.6947,42.01319],[1.69867,42.01381],[1.70747,42.00709],[1.70614,42.00263],[1.70735,42.00165],[1.71133,42.00257],[1.71743,41.99995],[1.71794,41.99775],[1.71437,41.99812],[1.71733,41.99415],[1.71538,41.99348],[1.71485,41.99174],[1.71245,41.99253],[1.71643,41.98916],[1.71634,41.98638],[1.71915,41.98607],[1.71931,41.98501],[1.71011,41.97975],[1.69674,41.97582],[1.6824,41.96765],[1.67755,41.96916],[1.6708,41.96835],[1.66983,41.97082],[1.66778,41.97031],[1.67434,41.98274],[1.6671,41.98506],[1.66402,41.98474],[1.65919,41.98316],[1.66015,41.98139],[1.65887,41.97804],[1.65423,41.98064],[1.64884,41.97966],[1.65111,41.97838],[1.64421,41.96871],[1.6454,41.96632],[1.6441,41.96392],[1.64522,41.9588],[1.6489,41.9565],[1.65416,41.95798],[1.66127,41.96223],[1.66353,41.96218],[1.66608,41.95934],[1.67056,41.95738],[1.66981,41.9545],[1.67418,41.95071],[1.67401,41.94786],[1.67801,41.94739],[1.67881,41.94384],[1.67785,41.94272],[1.6857,41.93738],[1.68813,41.93894],[1.70251,41.93931],[1.71616,41.94322],[1.71964,41.93713],[1.71885,41.93167],[1.73336,41.92492],[1.73046,41.9184],[1.73447,41.91673],[1.75122,41.91686],[1.75494,41.92212],[1.76011,41.91562],[1.76262,41.91757],[1.76523,41.9169],[1.76486,41.91413],[1.76681,41.91146],[1.77446,41.91339],[1.78758,41.9195],[1.80031,41.91929],[1.80973,41.92582],[1.81842,41.92322],[1.82514,41.91953],[1.82668,41.91623],[1.83208,41.9138],[1.83293,41.9104],[1.83944,41.90975],[1.84229,41.90814],[1.84327,41.90484],[1.8397,41.90252],[1.84115,41.89965],[1.8457,41.89894],[1.84531,41.89721],[1.84764,41.89846],[1.84764,41.9008],[1.85045,41.90105],[1.84855,41.90246],[1.84668,41.90209],[1.84812,41.90656],[1.84577,41.90755],[1.84858,41.91125],[1.84827,41.91623],[1.86387,41.91654],[1.87106,41.91047],[1.87772,41.90857],[1.88001,41.90642],[1.88598,41.90611],[1.88638,41.90872],[1.88283,41.9119],[1.88592,41.91648],[1.88618,41.92069],[1.88257,41.92358],[1.88328,41.92564],[1.88214,41.92667],[1.88541,41.93236],[1.88532,41.93753],[1.89752,41.93846],[1.8979,41.94036],[1.89402,41.94142],[1.89588,41.94317],[1.89858,41.94487],[1.90001,41.94283],[1.90898,41.94937],[1.9223,41.95442],[1.92701,41.95991],[1.93692,41.96546],[1.94906,41.96524],[1.95135,41.96721],[1.95487,41.96624],[1.97029,41.9199],[1.98369,41.91886],[1.98331,41.922],[1.98535,41.92419],[1.9753,41.92957],[1.97068,41.93691],[1.97438,41.93804],[1.97585,41.94002],[1.97502,41.94108],[1.97691,41.95498],[1.97857,41.95379],[1.98447,41.9571],[1.99632,41.96108],[1.99139,41.96669],[1.98559,41.96965],[1.99832,41.97752],[1.99674,41.97927],[1.99475,41.98981],[1.99612,41.99108],[1.99967,41.99019],[2.00636,41.9961],[2.00553,41.99917],[2.00816,42.00255],[2.00712,42.00447],[2.00769,42.00886],[2.01453,42.01743],[2.0209,42.02291],[2.02183,42.02522],[2.01823,42.02835],[2.00997,42.02969],[2.0033,42.03035],[1.99533,42.02834],[1.9971,42.03098],[1.99967,42.03187],[1.99733,42.03606],[2.00032,42.03907],[2.00255,42.03946],[2.00479,42.04838],[2.00762,42.04999],[2.00636,42.05287],[2.00999,42.06078],[2.00787,42.06382],[2.00768,42.06827],[2.00954,42.07096],[2.00841,42.07384],[2.01021,42.07914],[2.01005,42.08297],[2.00811,42.08515],[2.01364,42.09368],[2.02549,42.09639],[2.02719,42.09514],[2.02592,42.09295],[2.0306,42.08195],[2.03471,42.07714],[2.04533,42.08104],[2.04178,42.0817],[2.04036,42.08424],[2.03975,42.08757],[2.04246,42.09237],[2.05304,42.09454],[2.05387,42.09066],[2.05768,42.08768],[2.06246,42.09862],[2.04563,42.10447],[2.05449,42.10751],[2.0496,42.12161],[2.06804,42.12269],[2.0678,42.12531],[2.07014,42.12686],[2.06894,42.12802],[2.07104,42.12931],[2.06762,42.13448],[2.06044,42.13518],[2.05376,42.13787],[2.05354,42.14026],[2.05132,42.14309],[2.04482,42.14387],[2.03731,42.14275],[2.03307,42.14794],[2.03405,42.14857],[2.03198,42.15151],[2.02579,42.15284],[2.0137,42.14965],[2.00409,42.14975],[2.00594,42.15176],[2.0036,42.15308],[2.0058,42.15478],[2.00296,42.15542],[1.99046,42.17139],[1.99215,42.17263],[1.98925,42.17627],[1.99158,42.1784],[1.99183,42.18213],[1.98476,42.18037],[1.97627,42.18167],[1.97095,42.18028],[1.97039,42.178],[1.96554,42.17874],[1.96394,42.18759],[1.96465,42.19883],[1.9696,42.19702],[1.97661,42.19849],[1.979,42.19635],[1.98587,42.19428],[2.00773,42.19364],[1.99902,42.19259],[1.99767,42.19134],[2.00031,42.18597],[2.00586,42.18299],[2.00084,42.1758],[1.9959,42.17201],[2.00401,42.16646],[2.00466,42.16246],[2.00769,42.16208],[2.01279,42.16423],[2.02313,42.16447],[2.028,42.16664],[2.02819,42.16916],[2.03157,42.17202],[2.03144,42.1765],[2.03738,42.17866],[2.04385,42.17601],[2.05778,42.17469],[2.05786,42.17645],[2.06034,42.17729],[2.05925,42.17858],[2.06152,42.17959],[2.06165,42.18872],[2.06342,42.19152],[2.06053,42.19496],[2.05479,42.19437],[2.05219,42.19542],[2.05319,42.2006],[2.0499,42.20824],[2.05107,42.21366],[2.04976,42.21564],[2.05311,42.21945],[2.04805,42.22118],[2.03942,42.22077],[2.03,42.21565],[2.02314,42.22664],[2.01921,42.22832],[2.01703,42.23218],[2.02124,42.23128],[2.0248,42.23262],[2.02484,42.23886],[2.02665,42.23939],[2.02987,42.24448],[2.02928,42.24797],[2.02813,42.24862],[2.02957,42.2506],[2.02802,42.25267],[2.03399,42.25823],[2.04046,42.26021],[2.04316,42.26809],[2.0424,42.26928],[2.0443,42.27133],[2.04642,42.27187],[2.04801,42.27417],[2.05182,42.27438],[2.05376,42.27691],[2.0531,42.27822],[2.05586,42.28068],[2.05751,42.28022],[2.06764,42.28379],[2.0703,42.2891],[2.06932,42.29099],[2.06692,42.28988],[2.06303,42.29141],[2.06154,42.29373],[2.04947,42.29662],[2.03469,42.30573],[2.02645,42.30674],[2.02266,42.3095],[2.01872,42.31033],[2.01671,42.30803],[2.01388,42.30736],[2.01216,42.30867],[2.00856,42.30723],[2.00572,42.30759],[1.99606,42.30407],[1.99238,42.30058],[1.98445,42.29999],[1.98358,42.29802],[1.97729,42.30128],[1.96939,42.30325],[1.94968,42.3153],[1.94315,42.30837],[1.94019,42.31553],[1.93695,42.3174],[1.93194,42.31875],[1.92272,42.31718],[1.9181,42.31761]],[[2.02177,42.12721],[2.02022,42.13085],[2.02568,42.13046],[2.03194,42.12627],[2.02934,42.12078],[2.0191,42.12097],[2.02207,42.11934],[2.01741,42.10942],[2.00762,42.10648],[2.00661,42.11529],[2.00415,42.11577],[2.00268,42.11776],[2.00347,42.1189],[2.00082,42.11965],[2.00573,42.12082],[2.00221,42.12538],[2.02177,42.12721]]]]}},{"type":"Feature","id":"15","properties":{"code":"15","name":"Cerdanya","areaKm2":545.77},"geometry":{"type":"MultiPolygon","coordinates":[[[[1.99293,42.4907],[1.98963,42.49369],[1.97915,42.49499],[1.9771,42.49067],[1.97812,42.48597],[1.97245,42.48487],[1.97055,42.48053],[1.96308,42.47871],[1.95656,42.45794],[1.95983,42.45329],[1.96918,42.45188],[1.98392,42.44674],[2.00302,42.44696],[2.01278,42.44836],[2.01439,42.45179],[2.01196,42.45302],[2.01053,42.4559],[1.99265,42.46205],[1.99188,42.46591],[1.98739,42.4696],[1.9864,42.47567],[1.98955,42.47752],[1.99274,42.48433],[1.99842,42.48532],[1.99293,42.4907]]],[[[1.68212,42.4942],[1.67617,42.49684],[1.66998,42.50419],[1.6656,42.49819],[1.66564,42.49613],[1.66199,42.4931],[1.66303,42.491],[1.66163,42.48461],[1.66288,42.4798],[1.65998,42.47861],[1.66251,42.47445],[1.65702,42.46822],[1.65086,42.46691],[1.6467,42.46863],[1.64017,42.46641],[1.63587,42.46805],[1.63211,42.46599],[1.63144,42.46296],[1.62204,42.46575],[1.60694,42.46436],[1.60025,42.46678],[1.59737,42.46632],[1.5901,42.46401],[1.58552,42.46024],[1.58093,42.45018],[1.59281,42.44648],[1.59676,42.44406],[1.59649,42.43958],[1.60311,42.42969],[1.60109,42.42452],[1.60773,42.41811],[1.62018,42.41317],[1.6252,42.40621],[1.63707,42.40399],[1.64603,42.39886],[1.64775,42.39671],[1.64632,42.39229],[1.65001,42.39026],[1.65494,42.38409],[1.65719,42.37603],[1.65454,42.37357],[1.65286,42.36574],[1.65756,42.36647],[1.66009,42.3616],[1.657,42.35803],[1.65671,42.35479],[1.65495,42.35412],[1.65341,42.35053],[1.65003,42.34765],[1.6589,42.3367],[1.65496,42.33243],[1.65153,42.28643],[1.65278,42.2843],[1.6611,42.28258],[1.66691,42.27965],[1.67496,42.28568],[1.68633,42.28503],[1.69306,42.28643],[1.70225,42.28468],[1.71556,42.2878],[1.71845,42.28354],[1.72369,42.28305],[1.73674,42.28458],[1.73722,42.28854],[1.74087,42.29091],[1.74421,42.29006],[1.75082,42.29078],[1.76213,42.29332],[1.77806,42.29053],[1.78158,42.29294],[1.7972,42.29463],[1.79802,42.29875],[1.80429,42.3019],[1.81382,42.30226],[1.81793,42.29958],[1.83342,42.30053],[1.8332,42.30252],[1.83638,42.30553],[1.84366,42.30647],[1.85069,42.3107],[1.85768,42.31072],[1.86118,42.31331],[1.86375,42.31109],[1.87299,42.31358],[1.87867,42.31258],[1.88285,42.31516],[1.88333,42.31724],[1.89053,42.31711],[1.89306,42.31859],[1.89292,42.32109],[1.90278,42.32296],[1.91405,42.31823],[1.92163,42.31714],[1.93194,42.31875],[1.93695,42.3174],[1.94019,42.31553],[1.94315,42.30837],[1.94866,42.3153],[1.95535,42.3121],[1.96001,42.32479],[1.95893,42.32838],[1.96143,42.33202],[1.96526,42.33268],[1.97002,42.3309],[1.98803,42.33205],[1.99137,42.33632],[1.99057,42.34176],[1.98791,42.34354],[2.00189,42.34177],[2.01607,42.34709],[2.01248,42.34988],[2.0124,42.35287],[2.00719,42.3531],[2.00332,42.3559],[1.99889,42.35563],[1.99615,42.35928],[1.99443,42.36008],[1.99144,42.35911],[1.98641,42.36193],[1.97917,42.3716],[1.97248,42.37323],[1.96535,42.38094],[1.96485,42.38761],[1.96009,42.39306],[1.96145,42.40113],[1.96074,42.40413],[1.95508,42.4117],[1.95857,42.42414],[1.95356,42.42669],[1.9446,42.42807],[1.94096,42.43003],[1.94291,42.44445],[1.93699,42.45369],[1.93272,42.45464],[1.92075,42.44694],[1.9163,42.44624],[1.8982,42.45001],[1.89662,42.44962],[1.89575,42.44759],[1.89117,42.44772],[1.88981,42.44993],[1.88478,42.44959],[1.88303,42.45794],[1.88103,42.45989],[1.86495,42.46622],[1.86221,42.46598],[1.85952,42.46247],[1.85439,42.46419],[1.85247,42.46628],[1.8476,42.46815],[1.84375,42.47662],[1.83446,42.48239],[1.82715,42.48378],[1.82342,42.48663],[1.81672,42.48316],[1.80802,42.48691],[1.8043,42.49039],[1.79195,42.48551],[1.76267,42.48677],[1.76038,42.48982],[1.75304,42.49134],[1.74679,42.49557],[1.7301,42.49239],[1.72566,42.50468],[1.71137,42.49226],[1.70361,42.4898],[1.69032,42.49495],[1.68569,42.49547],[1.68212,42.4942]]]]}},{"type":"Feature","id":"16","properties":{"code":"16","name":"Conca de Barberà","areaKm2":649.62},"geometry":{"type":"MultiPolygon","coordinates":[[[[1.43225,41.57886],[1.41937,41.58286],[1.4152,41.58258],[1.41178,41.58028],[1.41021,41.57552],[1.39513,41.57741],[1.39248,41.57518],[1.39501,41.56768],[1.40223,41.56471],[1.40319,41.55788],[1.38823,41.55595],[1.38299,41.5564],[1.38043,41.56136],[1.37173,41.56526],[1.34537,41.56802],[1.32885,41.56697],[1.31221,41.56876],[1.30424,41.57146],[1.30299,41.56965],[1.29405,41.56639],[1.27091,41.57205],[1.25869,41.56756],[1.25534,41.57125],[1.25093,41.57134],[1.24731,41.5698],[1.24645,41.57079],[1.24334,41.56829],[1.23394,41.57138],[1.23135,41.56935],[1.22577,41.57046],[1.21969,41.56972],[1.21574,41.56716],[1.21651,41.56217],[1.21263,41.55907],[1.21169,41.55625],[1.21314,41.55168],[1.21075,41.54873],[1.19769,41.54371],[1.18088,41.54329],[1.16801,41.54029],[1.16613,41.53718],[1.17619,41.53377],[1.17122,41.5325],[1.16389,41.53446],[1.16939,41.53104],[1.17394,41.53131],[1.17139,41.52781],[1.17007,41.51924],[1.16807,41.51745],[1.16542,41.51772],[1.16362,41.5132],[1.16668,41.50544],[1.17568,41.50121],[1.17622,41.49356],[1.17978,41.48843],[1.17573,41.48679],[1.17247,41.48749],[1.16184,41.48246],[1.13086,41.47732],[1.12922,41.47554],[1.12964,41.47425],[1.11979,41.47018],[1.11657,41.47021],[1.11165,41.4673],[1.10807,41.46717],[1.10644,41.47322],[1.10458,41.47535],[1.09406,41.47818],[1.09111,41.47652],[1.08547,41.47835],[1.07901,41.48374],[1.06426,41.48739],[1.05653,41.49377],[1.03945,41.50138],[1.03739,41.49892],[1.03838,41.49671],[1.04577,41.49128],[1.04851,41.48754],[1.04646,41.48441],[1.03746,41.47999],[1.05667,41.46642],[1.07214,41.46243],[1.0755,41.45997],[1.07482,41.45823],[1.07222,41.45679],[1.07048,41.45359],[1.06795,41.45559],[1.06445,41.45457],[1.06263,41.44825],[1.05916,41.44713],[1.05866,41.44418],[1.05553,41.44201],[1.05228,41.4432],[1.04641,41.44065],[1.0475,41.43728],[1.04495,41.43572],[1.04308,41.43009],[1.04004,41.42774],[1.04055,41.42498],[1.03852,41.42156],[1.03142,41.4209],[1.03258,41.41853],[1.03012,41.41635],[1.02772,41.40926],[1.01635,41.40397],[1.01283,41.40346],[1.0062,41.40557],[1.00254,41.40424],[1.00111,41.40182],[1.0033,41.39994],[0.99829,41.39877],[0.99334,41.39424],[0.99384,41.39101],[0.99197,41.38898],[0.98196,41.39175],[0.97958,41.38656],[0.97351,41.3808],[0.97263,41.37329],[0.97102,41.37314],[0.96531,41.36807],[0.96206,41.36747],[0.96328,41.36462],[0.96165,41.36161],[0.96301,41.36118],[0.96241,41.3598],[0.96633,41.35858],[0.96435,41.35526],[0.95874,41.35491],[0.95157,41.3519],[0.94952,41.35244],[0.94523,41.34975],[0.93795,41.34918],[0.93351,41.35029],[0.92123,41.34831],[0.91149,41.3494],[0.90493,41.34757],[0.90895,41.34308],[0.90805,41.34125],[0.90926,41.33801],[0.90636,41.33332],[0.90636,41.32774],[0.93894,41.31906],[0.95293,41.31694],[0.95335,41.31832],[0.9576,41.31915],[0.95901,41.32222],[0.96415,41.32663],[0.97677,41.32918],[0.98324,41.3394],[0.98191,41.34066],[0.98523,41.34539],[0.98993,41.34744],[0.99426,41.35261],[0.99698,41.35264],[0.99883,41.3523],[1.00075,41.34821],[1.00488,41.34605],[1.00345,41.33867],[1.00443,41.33593],[1.00168,41.33016],[1.00263,41.32693],[1.00534,41.32563],[1.0099,41.32796],[1.01359,41.32813],[1.01957,41.33298],[1.02051,41.33191],[1.0189,41.33074],[1.02161,41.32863],[1.02454,41.32867],[1.02728,41.32606],[1.03443,41.32974],[1.03691,41.32662],[1.04068,41.32529],[1.04722,41.32497],[1.0555,41.3264],[1.0604,41.32524],[1.06411,41.32629],[1.06689,41.32311],[1.06488,41.31986],[1.07515,41.32131],[1.07865,41.31847],[1.09581,41.31548],[1.10409,41.31547],[1.1078,41.31334],[1.1024,41.31051],[1.10344,41.30948],[1.10731,41.3081],[1.11393,41.30826],[1.12291,41.30546],[1.13311,41.30568],[1.13461,41.3074],[1.14445,41.30887],[1.14755,41.31167],[1.15238,41.31108],[1.15772,41.31517],[1.16444,41.31567],[1.16916,41.31753],[1.17174,41.31701],[1.17468,41.32039],[1.18489,41.3196],[1.18809,41.31622],[1.19129,41.3153],[1.19259,41.32169],[1.19625,41.32798],[1.20612,41.33285],[1.21172,41.33407],[1.22317,41.34515],[1.22627,41.35022],[1.22476,41.35178],[1.22638,41.35344],[1.22546,41.36248],[1.22973,41.37324],[1.23211,41.37474],[1.23971,41.37571],[1.23898,41.38003],[1.24046,41.38386],[1.25366,41.38483],[1.25227,41.38777],[1.25596,41.39081],[1.26119,41.39859],[1.25939,41.40385],[1.26327,41.40616],[1.27096,41.40806],[1.28317,41.41751],[1.28723,41.4179],[1.29154,41.42543],[1.30004,41.42852],[1.30342,41.42782],[1.30564,41.42965],[1.30777,41.43669],[1.31065,41.43708],[1.31433,41.44159],[1.31794,41.4427],[1.32107,41.44823],[1.32321,41.4474],[1.32379,41.44409],[1.32716,41.44117],[1.3282,41.43225],[1.32716,41.42809],[1.32832,41.42723],[1.34112,41.4307],[1.34558,41.42881],[1.35563,41.42831],[1.3653,41.43182],[1.37181,41.43679],[1.36877,41.43851],[1.3692,41.44138],[1.36809,41.44267],[1.36898,41.4439],[1.38282,41.44787],[1.40391,41.43522],[1.40819,41.44043],[1.41615,41.44404],[1.42215,41.4493],[1.44064,41.44914],[1.44606,41.45569],[1.45529,41.46248],[1.45411,41.4641],[1.45559,41.4657],[1.45375,41.4697],[1.45696,41.47051],[1.46127,41.46876],[1.46829,41.476],[1.47425,41.4779],[1.47561,41.48199],[1.47336,41.48605],[1.4646,41.48412],[1.4634,41.48765],[1.45813,41.48808],[1.45252,41.48668],[1.45027,41.49212],[1.44624,41.49511],[1.43737,41.4985],[1.42239,41.4997],[1.42144,41.50325],[1.41863,41.50203],[1.41502,41.50541],[1.40817,41.5046],[1.40308,41.50759],[1.40152,41.51243],[1.39574,41.51289],[1.39835,41.51413],[1.39742,41.51859],[1.40046,41.52107],[1.39907,41.52384],[1.4003,41.52565],[1.39952,41.52835],[1.40175,41.53086],[1.40487,41.53072],[1.40431,41.53213],[1.40616,41.53426],[1.40845,41.53518],[1.42569,41.5321],[1.43629,41.53935],[1.44835,41.53711],[1.44923,41.54548],[1.44672,41.55247],[1.43499,41.55005],[1.43224,41.55166],[1.43109,41.55557],[1.44001,41.56305],[1.45397,41.56925],[1.4474,41.57385],[1.43519,41.57657],[1.43225,41.57886]]]]}},{"type":"Feature","id":"17","properties":{"code":"17","name":"Garraf","areaKm2":185.15},"geometry":{"type":"MultiPolygon","coordinates":[[[[1.77771,41.32906],[1.76338,41.32103],[1.76311,41.3155],[1.76522,41.31263],[1.75833,41.3085],[1.75672,41.30407],[1.75803,41.30305],[1.7542,41.30074],[1.75305,41.30175],[1.74742,41.30128],[1.74301,41.29687],[1.74001,41.29685],[1.73762,41.295],[1.72921,41.29941],[1.72158,41.30144],[1.70961,41.30144],[1.70284,41.29954],[1.70009,41.29581],[1.70297,41.29059],[1.6932,41.28039],[1.69313,41.27535],[1.69034,41.27396],[1.69058,41.27175],[1.67736,41.26085],[1.6752,41.25645],[1.6707,41.25488],[1.67114,41.25019],[1.66983,41.2468],[1.668,41.24502],[1.6455,41.23815],[1.64124,41.23542],[1.64619,41.22857],[1.64414,41.22058],[1.6476,41.21665],[1.64827,41.21255],[1.65327,41.20738],[1.64651,41.20863],[1.64711,41.21167],[1.64132,41.21161],[1.64205,41.20004],[1.64743,41.19363],[1.64935,41.19613],[1.65481,41.19668],[1.6526,41.19382],[1.6472,41.19275],[1.65681,41.19377],[1.6536,41.194],[1.66716,41.1976],[1.67223,41.19811],[1.67294,41.19717],[1.67923,41.19945],[1.68149,41.20184],[1.68397,41.20208],[1.68377,41.20296],[1.68643,41.20292],[1.68667,41.20402],[1.68746,41.20324],[1.68871,41.20503],[1.69004,41.20455],[1.6984,41.20812],[1.70713,41.2074],[1.71503,41.21109],[1.71751,41.21109],[1.71847,41.20983],[1.71998,41.21137],[1.72328,41.21174],[1.72782,41.21109],[1.72921,41.20798],[1.73165,41.20996],[1.73124,41.2111],[1.72951,41.21023],[1.72905,41.21151],[1.73111,41.21146],[1.73079,41.21237],[1.72876,41.21176],[1.72821,41.21316],[1.73075,41.21438],[1.72854,41.21392],[1.72817,41.21494],[1.73326,41.21539],[1.73281,41.21402],[1.73423,41.21345],[1.73375,41.2155],[1.73578,41.21592],[1.73669,41.21341],[1.73405,41.21279],[1.73639,41.21301],[1.73718,41.21132],[1.73408,41.21056],[1.73333,41.2082],[1.72984,41.20584],[1.73331,41.20771],[1.73471,41.20994],[1.73812,41.21076],[1.73727,41.21453],[1.74267,41.21824],[1.74813,41.21872],[1.75015,41.21779],[1.75435,41.21979],[1.76183,41.21861],[1.77694,41.22364],[1.78679,41.22448],[1.78758,41.22365],[1.78814,41.22464],[1.78852,41.22374],[1.78942,41.22623],[1.79229,41.22684],[1.79191,41.22797],[1.79385,41.22905],[1.79551,41.22857],[1.79641,41.2304],[1.79904,41.23019],[1.80015,41.23191],[1.80287,41.23153],[1.8031,41.23278],[1.80615,41.2328],[1.80804,41.23434],[1.80996,41.23305],[1.815,41.23597],[1.82066,41.23576],[1.8217,41.23313],[1.82508,41.23358],[1.82174,41.23338],[1.82149,41.23459],[1.82669,41.23423],[1.82414,41.23203],[1.82702,41.23306],[1.82747,41.23601],[1.82897,41.23668],[1.83976,41.23482],[1.85362,41.23435],[1.85593,41.23591],[1.86043,41.23638],[1.8615,41.23916],[1.86331,41.2394],[1.86402,41.23828],[1.86613,41.23944],[1.86737,41.23794],[1.86594,41.23652],[1.86767,41.23796],[1.86626,41.23977],[1.86943,41.24294],[1.89186,41.24927],[1.8974,41.25014],[1.9,41.24927],[1.89834,41.25028],[1.90175,41.25178],[1.90055,41.24906],[1.89884,41.24866],[1.9001,41.24855],[1.90307,41.25359],[1.90659,41.25518],[1.91819,41.25807],[1.92095,41.25656],[1.91972,41.25859],[1.92081,41.25931],[1.92245,41.25835],[1.92117,41.25774],[1.92381,41.25787],[1.92289,41.25931],[1.92564,41.25888],[1.92497,41.2599],[1.92822,41.26084],[1.92875,41.25938],[1.92003,41.25598],[1.92141,41.25564],[1.92982,41.25882],[1.92918,41.26009],[1.93254,41.26168],[1.9445,41.26349],[1.94327,41.26625],[1.93924,41.26912],[1.93982,41.27072],[1.93738,41.27499],[1.94374,41.27922],[1.93089,41.28568],[1.92488,41.29112],[1.91375,41.28875],[1.90965,41.28346],[1.9022,41.28085],[1.88983,41.28344],[1.88542,41.28164],[1.88548,41.2796],[1.88259,41.27811],[1.8727,41.27965],[1.87143,41.27864],[1.87088,41.28063],[1.86907,41.28129],[1.87101,41.29116],[1.87267,41.29345],[1.86939,41.29625],[1.8621,41.29627],[1.85998,41.29912],[1.85871,41.29763],[1.85478,41.29856],[1.85395,41.29917],[1.85468,41.30049],[1.85127,41.30173],[1.84673,41.30635],[1.84825,41.30931],[1.84797,41.31245],[1.85019,41.31646],[1.8497,41.31864],[1.84785,41.31932],[1.84057,41.31541],[1.83267,41.32042],[1.82899,41.32116],[1.82496,41.31886],[1.81968,41.3211],[1.8136,41.3205],[1.81014,41.32328],[1.80536,41.32425],[1.78964,41.32278],[1.78747,41.32594],[1.77771,41.32906]]]]}},{"type":"Feature","id":"18","properties":{"code":"18","name":"Garrigues","areaKm2":796.09},"geometry":{"type":"MultiPolygon","coordinates":[[[[0.93891,41.58398],[0.9177,41.5892],[0.89926,41.58122],[0.88885,41.57436],[0.88352,41.57924],[0.88198,41.58165],[0.88232,41.58383],[0.87768,41.58588],[0.87216,41.58349],[0.85826,41.57385],[0.85105,41.57436],[0.85281,41.57168],[0.83812,41.56455],[0.83383,41.56632],[0.83611,41.56866],[0.83047,41.57093],[0.82844,41.56859],[0.82956,41.56822],[0.82873,41.56544],[0.82364,41.57017],[0.80897,41.57025],[0.80698,41.57051],[0.80676,41.57162],[0.79722,41.57059],[0.79149,41.56843],[0.78897,41.56311],[0.77941,41.5675],[0.77566,41.56266],[0.77847,41.55819],[0.77754,41.5502],[0.7757,41.5493],[0.76446,41.55134],[0.75605,41.55035],[0.75412,41.54031],[0.75887,41.53774],[0.7508,41.53119],[0.74783,41.53319],[0.74723,41.52946],[0.74554,41.5282],[0.7415,41.52937],[0.73156,41.52034],[0.7267,41.51851],[0.71014,41.52502],[0.70547,41.51862],[0.70039,41.50507],[0.69593,41.49982],[0.696,41.49407],[0.69804,41.48975],[0.69335,41.48045],[0.69297,41.47731],[0.6778,41.47723],[0.67289,41.47954],[0.67146,41.47595],[0.66855,41.4739],[0.66429,41.4733],[0.6622,41.46534],[0.6635,41.45775],[0.65911,41.45564],[0.64281,41.45483],[0.63283,41.44948],[0.62828,41.45255],[0.6276,41.45177],[0.62427,41.44482],[0.62394,41.44082],[0.62118,41.43793],[0.62052,41.43366],[0.62219,41.42795],[0.6215,41.42646],[0.62303,41.42377],[0.62543,41.42312],[0.62841,41.42002],[0.63179,41.4119],[0.62577,41.39934],[0.61881,41.39305],[0.60608,41.38981],[0.59644,41.38516],[0.58451,41.37625],[0.58378,41.37294],[0.58594,41.36099],[0.58216,41.35319],[0.58688,41.34456],[0.58651,41.33737],[0.58085,41.31989],[0.58244,41.31087],[0.59706,41.29345],[0.60183,41.29405],[0.60467,41.29164],[0.60777,41.29258],[0.61364,41.29073],[0.61538,41.29211],[0.61876,41.2907],[0.62408,41.29225],[0.62819,41.29086],[0.62914,41.29317],[0.63352,41.29481],[0.63619,41.29744],[0.64499,41.29888],[0.64789,41.30082],[0.65096,41.29988],[0.6576,41.30157],[0.66156,41.30329],[0.66216,41.30553],[0.66404,41.30679],[0.66595,41.30658],[0.6696,41.30878],[0.66974,41.30986],[0.67858,41.3099],[0.68132,41.30817],[0.68377,41.3103],[0.6884,41.31044],[0.69,41.31249],[0.69474,41.31406],[0.69791,41.31219],[0.70048,41.31343],[0.70659,41.31231],[0.70861,41.31359],[0.71139,41.31306],[0.71284,41.31463],[0.71676,41.31326],[0.72008,41.31414],[0.72394,41.31326],[0.74019,41.31789],[0.74982,41.31733],[0.75191,41.31954],[0.75051,41.32454],[0.75437,41.32646],[0.75388,41.32865],[0.75584,41.33039],[0.75877,41.33103],[0.76261,41.33458],[0.76726,41.33372],[0.77391,41.33448],[0.77976,41.33202],[0.79072,41.33192],[0.79649,41.32839],[0.80239,41.33041],[0.80881,41.32824],[0.81184,41.32908],[0.81291,41.32862],[0.8126,41.32708],[0.81526,41.32695],[0.81941,41.32857],[0.82096,41.33273],[0.81965,41.33342],[0.82227,41.33477],[0.8225,41.33829],[0.82573,41.34008],[0.82671,41.34364],[0.82597,41.34554],[0.8276,41.34747],[0.82694,41.35067],[0.83035,41.35331],[0.82913,41.35725],[0.84006,41.36181],[0.845,41.3623],[0.84716,41.35473],[0.8547,41.34845],[0.86327,41.33811],[0.87813,41.3414],[0.88461,41.34128],[0.89711,41.34557],[0.90064,41.34554],[0.90147,41.34746],[0.91149,41.3494],[0.92123,41.34831],[0.93351,41.35029],[0.93795,41.34918],[0.94512,41.34974],[0.94952,41.35244],[0.95157,41.3519],[0.95874,41.35491],[0.96435,41.35526],[0.96633,41.35858],[0.96241,41.3598],[0.96301,41.36118],[0.96165,41.36161],[0.96328,41.36462],[0.96206,41.36747],[0.96531,41.36807],[0.97102,41.37314],[0.97263,41.37329],[0.97351,41.3808],[0.97958,41.38656],[0.98196,41.39175],[0.99197,41.38898],[0.99384,41.39101],[0.99334,41.39424],[0.99829,41.39877],[1.0033,41.39994],[1.00111,41.40182],[1.00254,41.40424],[1.0062,41.40557],[1.01283,41.40346],[1.01635,41.40397],[1.02772,41.40926],[1.03012,41.41635],[1.03258,41.41853],[1.03142,41.4209],[1.03852,41.42156],[1.04055,41.42498],[1.04004,41.42774],[1.04308,41.43009],[1.04495,41.43572],[1.0475,41.43728],[1.04641,41.44065],[1.05228,41.4432],[1.05553,41.44201],[1.05866,41.44418],[1.05916,41.44713],[1.06263,41.44825],[1.06445,41.45457],[1.06795,41.45559],[1.07048,41.45359],[1.0755,41.45997],[1.06885,41.464],[1.05667,41.46642],[1.03746,41.47999],[1.04646,41.48441],[1.04851,41.48754],[1.04577,41.49128],[1.03838,41.49671],[1.03645,41.50339],[1.03801,41.50508],[1.03141,41.50607],[1.02013,41.5034],[1.01112,41.512],[0.99724,41.51323],[0.97883,41.51801],[0.98134,41.5281],[0.9881,41.53637],[0.98383,41.54305],[0.98335,41.54635],[0.98771,41.54641],[0.98669,41.55006],[0.97946,41.5551],[0.97951,41.55661],[0.97228,41.5587],[0.97005,41.56108],[0.96911,41.56506],[0.96113,41.56809],[0.96864,41.57784],[0.95266,41.58423],[0.93891,41.58398]]]]}},{"type":"Feature","id":"19","properties":{"code":"19","name":"Garrotxa","areaKm2":732.74},"geometry":{"type":"MultiPolygon","coordinates":[[[[2.54246,42.33367],[2.52652,42.33342],[2.51992,42.32687],[2.52455,42.31938],[2.52595,42.31001],[2.52801,42.30529],[2.52798,42.30126],[2.52406,42.2918],[2.532,42.2901],[2.54241,42.29076],[2.55402,42.28928],[2.55492,42.28647],[2.55789,42.28747],[2.55648,42.28509],[2.55133,42.28587],[2.54541,42.28277],[2.53822,42.28229],[2.53735,42.27991],[2.53447,42.27956],[2.50877,42.28134],[2.50744,42.28643],[2.50455,42.28692],[2.50404,42.29892],[2.50611,42.30405],[2.50388,42.30413],[2.4965,42.29888],[2.49553,42.3003],[2.47973,42.30292],[2.48026,42.298],[2.48534,42.28834],[2.46335,42.27953],[2.45913,42.28199],[2.45277,42.28322],[2.45067,42.28306],[2.44986,42.28107],[2.44552,42.28059],[2.44185,42.28554],[2.43767,42.28627],[2.43488,42.28471],[2.43086,42.28771],[2.42776,42.2841],[2.42261,42.28603],[2.41486,42.28675],[2.40632,42.28187],[2.40613,42.2742],[2.39919,42.27173],[2.3885,42.272],[2.37566,42.26505],[2.38206,42.25582],[2.38527,42.25577],[2.38321,42.25285],[2.37304,42.2523],[2.36938,42.24825],[2.36459,42.24854],[2.36054,42.24567],[2.35121,42.24474],[2.34432,42.24126],[2.34315,42.23907],[2.34513,42.23364],[2.34418,42.23158],[2.34827,42.22771],[2.35592,42.22744],[2.35951,42.22575],[2.36213,42.22803],[2.36891,42.22762],[2.37478,42.22961],[2.37661,42.22674],[2.37554,42.22523],[2.37621,42.22441],[2.36921,42.21533],[2.36219,42.21562],[2.35319,42.21291],[2.33938,42.21231],[2.33269,42.21066],[2.33353,42.20822],[2.34591,42.20288],[2.34739,42.20166],[2.34919,42.19439],[2.35574,42.19336],[2.36026,42.18833],[2.35816,42.17846],[2.3612,42.17151],[2.37117,42.1761],[2.3727,42.1723],[2.37574,42.16951],[2.3788,42.17092],[2.38599,42.16687],[2.38447,42.1635],[2.3813,42.16247],[2.37983,42.16495],[2.3771,42.16408],[2.37526,42.16629],[2.37249,42.16143],[2.36833,42.16178],[2.36549,42.15949],[2.36149,42.16069],[2.35813,42.15883],[2.35732,42.15387],[2.35087,42.15049],[2.34881,42.14743],[2.34985,42.14691],[2.34878,42.14386],[2.35077,42.13767],[2.36869,42.12855],[2.3743,42.12888],[2.38106,42.12368],[2.37666,42.11933],[2.37547,42.11952],[2.37318,42.11582],[2.37371,42.11332],[2.37668,42.10988],[2.37658,42.10546],[2.3799,42.10359],[2.3951,42.10428],[2.40017,42.10276],[2.39464,42.0953],[2.39407,42.09154],[2.39688,42.08761],[2.3945,42.08676],[2.40099,42.08078],[2.40549,42.07866],[2.40852,42.07132],[2.41107,42.06876],[2.41461,42.0691],[2.41737,42.06506],[2.42062,42.0654],[2.42709,42.06114],[2.42947,42.06432],[2.43539,42.06845],[2.44364,42.07298],[2.44907,42.0743],[2.44998,42.07606],[2.44893,42.0766],[2.4501,42.0775],[2.45341,42.0764],[2.45808,42.07928],[2.46254,42.07451],[2.46239,42.07717],[2.46688,42.07394],[2.47646,42.07621],[2.48036,42.07501],[2.47974,42.0726],[2.48412,42.06938],[2.48269,42.06751],[2.48436,42.06746],[2.48422,42.06617],[2.48577,42.06613],[2.48656,42.069],[2.49073,42.06827],[2.49939,42.05478],[2.50291,42.05157],[2.51143,42.04758],[2.51417,42.04203],[2.52819,42.03218],[2.53357,42.02686],[2.53331,42.02807],[2.54485,42.02949],[2.54716,42.03882],[2.55106,42.04065],[2.55302,42.04382],[2.55674,42.04481],[2.56248,42.04277],[2.5656,42.03863],[2.57537,42.03764],[2.5798,42.03462],[2.58296,42.03701],[2.58797,42.03655],[2.59084,42.0393],[2.59134,42.04417],[2.59689,42.05001],[2.60261,42.0463],[2.6029,42.04518],[2.60007,42.04449],[2.59914,42.04251],[2.60896,42.02814],[2.61441,42.02437],[2.61971,42.02281],[2.62617,42.02336],[2.62807,42.01219],[2.63709,42.01214],[2.63557,42.0148],[2.63701,42.01672],[2.64,42.016],[2.64255,42.01724],[2.64892,42.01378],[2.66121,42.01639],[2.66204,42.01755],[2.65913,42.02081],[2.64364,42.03066],[2.64437,42.03382],[2.64011,42.03806],[2.63364,42.03925],[2.63011,42.03819],[2.63385,42.04435],[2.6325,42.04846],[2.63913,42.05479],[2.63911,42.05845],[2.63767,42.05875],[2.63908,42.06046],[2.63561,42.06363],[2.63751,42.06715],[2.63736,42.07269],[2.63141,42.07928],[2.63414,42.08291],[2.63049,42.08674],[2.63182,42.08898],[2.63634,42.08757],[2.63806,42.08998],[2.64546,42.09393],[2.646,42.09661],[2.65301,42.10286],[2.65201,42.10491],[2.65359,42.11089],[2.65759,42.11211],[2.65742,42.1185],[2.6659,42.1236],[2.66438,42.13197],[2.65422,42.13611],[2.65987,42.1395],[2.66053,42.14185],[2.65706,42.14336],[2.65844,42.14833],[2.65822,42.15556],[2.6686,42.15885],[2.66529,42.1676],[2.66722,42.1722],[2.66675,42.17636],[2.67238,42.17592],[2.67448,42.17402],[2.67608,42.17649],[2.67867,42.17422],[2.68224,42.17631],[2.68449,42.17426],[2.67553,42.17154],[2.68445,42.17082],[2.69349,42.17367],[2.71065,42.17493],[2.72402,42.18648],[2.73518,42.18169],[2.74088,42.18093],[2.75619,42.18574],[2.76486,42.18692],[2.77078,42.18967],[2.76961,42.19219],[2.76756,42.19258],[2.76793,42.19474],[2.76567,42.20098],[2.7664,42.2033],[2.76839,42.20434],[2.76884,42.20633],[2.77031,42.20606],[2.77918,42.21231],[2.77645,42.21607],[2.77591,42.22389],[2.77821,42.2272],[2.76853,42.23836],[2.77151,42.25221],[2.75222,42.25878],[2.73054,42.26389],[2.72916,42.26318],[2.72647,42.25478],[2.72719,42.25022],[2.72326,42.24709],[2.72209,42.24672],[2.71824,42.25081],[2.70232,42.24945],[2.70118,42.25458],[2.70253,42.25873],[2.70627,42.25962],[2.7088,42.267],[2.69606,42.27391],[2.6798,42.27216],[2.67666,42.27073],[2.68323,42.26824],[2.6903,42.26265],[2.67581,42.26343],[2.67227,42.26255],[2.67694,42.26019],[2.67255,42.25689],[2.67061,42.25942],[2.67163,42.26026],[2.67048,42.26142],[2.67144,42.26337],[2.66169,42.26535],[2.66408,42.26645],[2.66343,42.26788],[2.66091,42.26764],[2.66151,42.26997],[2.66745,42.27204],[2.66428,42.27761],[2.66618,42.28191],[2.66374,42.28606],[2.66236,42.2864],[2.66305,42.28719],[2.65954,42.28947],[2.65855,42.29329],[2.65639,42.29461],[2.65681,42.29618],[2.6445,42.29779],[2.63882,42.29634],[2.62789,42.29597],[2.63009,42.30011],[2.62954,42.3029],[2.63234,42.30526],[2.63078,42.31281],[2.62469,42.3115],[2.61768,42.30685],[2.61551,42.31306],[2.61212,42.31485],[2.61199,42.31639],[2.61404,42.31856],[2.59177,42.32785],[2.58065,42.32631],[2.57816,42.32152],[2.56207,42.3177],[2.5621,42.31941],[2.55624,42.32303],[2.55124,42.3285],[2.54246,42.33367]]]]}},{"type":"Feature","id":"20","properties":{"code":"20","name":"Gironès","areaKm2":575.52},"geometry":{"type":"MultiPolygon","coordinates":[[[[2.92889,42.11487],[2.92628,42.11681],[2.92493,42.11526],[2.91579,42.11394],[2.91337,42.11055],[2.90942,42.11165],[2.90601,42.1101],[2.90428,42.11062],[2.9031,42.10519],[2.9003,42.10309],[2.89369,42.09349],[2.89652,42.08751],[2.89528,42.08741],[2.89405,42.0827],[2.89508,42.08237],[2.89497,42.07808],[2.89324,42.0776],[2.89422,42.0724],[2.89327,42.07093],[2.88839,42.07132],[2.88784,42.06686],[2.88254,42.0661],[2.88246,42.06857],[2.88411,42.07065],[2.88165,42.07176],[2.87524,42.06624],[2.87262,42.06634],[2.87219,42.06942],[2.86847,42.07493],[2.86441,42.07366],[2.8639,42.07569],[2.86026,42.07496],[2.85834,42.07845],[2.85689,42.07823],[2.85699,42.07355],[2.8587,42.06915],[2.85321,42.06759],[2.85123,42.06372],[2.84739,42.06308],[2.8479,42.06121],[2.84985,42.06044],[2.84615,42.05909],[2.84818,42.05575],[2.84593,42.05577],[2.84357,42.05399],[2.83012,42.05489],[2.83354,42.0522],[2.82918,42.04975],[2.8323,42.04915],[2.83636,42.04066],[2.81176,42.03706],[2.80788,42.03749],[2.80399,42.0398],[2.80164,42.03619],[2.8021,42.03168],[2.79936,42.03167],[2.79065,42.03716],[2.78714,42.03737],[2.785,42.04127],[2.78006,42.04406],[2.77776,42.04808],[2.77784,42.04992],[2.78146,42.054],[2.77894,42.05746],[2.7667,42.05695],[2.76769,42.05862],[2.75797,42.07173],[2.74918,42.07437],[2.74284,42.07477],[2.72941,42.07924],[2.73213,42.08602],[2.72335,42.08659],[2.72076,42.08973],[2.71633,42.09208],[2.70606,42.09279],[2.69161,42.09288],[2.68762,42.08633],[2.68091,42.08264],[2.67861,42.08455],[2.67006,42.08586],[2.66752,42.0849],[2.66408,42.08632],[2.64939,42.08477],[2.64275,42.0876],[2.63793,42.08689],[2.63165,42.08889],[2.63069,42.08558],[2.63414,42.08284],[2.63138,42.07936],[2.63736,42.07269],[2.63751,42.06715],[2.63561,42.06363],[2.63908,42.06046],[2.63767,42.05875],[2.63911,42.05845],[2.63913,42.05479],[2.6325,42.04846],[2.63385,42.04435],[2.63011,42.03819],[2.63284,42.03925],[2.63917,42.0387],[2.64432,42.03391],[2.64364,42.03066],[2.65805,42.02162],[2.66204,42.01755],[2.66407,42.0088],[2.65854,42.00737],[2.65855,41.99998],[2.66115,41.99598],[2.65933,41.99521],[2.66104,41.99199],[2.66307,41.99217],[2.66518,41.98884],[2.66718,41.98842],[2.66589,41.98708],[2.66795,41.98566],[2.66896,41.97521],[2.67401,41.97383],[2.67266,41.9737],[2.672,41.97205],[2.67238,41.96577],[2.66529,41.96505],[2.66132,41.96305],[2.66114,41.96004],[2.65966,41.95889],[2.66556,41.95201],[2.67262,41.94824],[2.68034,41.94897],[2.68739,41.94289],[2.69723,41.93753],[2.69825,41.93428],[2.70011,41.93375],[2.70232,41.93074],[2.70059,41.92756],[2.6978,41.92563],[2.69833,41.92409],[2.71747,41.9219],[2.72653,41.92369],[2.734,41.92316],[2.74447,41.92456],[2.74669,41.92691],[2.75594,41.92025],[2.76594,41.90939],[2.78007,41.90336],[2.79226,41.91074],[2.79972,41.91189],[2.80371,41.91436],[2.81659,41.91226],[2.81766,41.90942],[2.81192,41.90852],[2.81658,41.90623],[2.81752,41.90355],[2.81698,41.89148],[2.81372,41.88139],[2.80979,41.87731],[2.8109,41.87484],[2.81294,41.87435],[2.81397,41.87091],[2.81285,41.86806],[2.81278,41.85989],[2.81629,41.85699],[2.81831,41.85022],[2.81953,41.85239],[2.82552,41.85468],[2.82997,41.85909],[2.83513,41.86136],[2.83709,41.86062],[2.84205,41.85407],[2.84967,41.84937],[2.85455,41.84766],[2.86204,41.84882],[2.85609,41.82942],[2.84923,41.81993],[2.8481,41.81418],[2.85169,41.81044],[2.86597,41.81019],[2.86639,41.81198],[2.86491,41.81456],[2.87256,41.81505],[2.8724,41.80902],[2.86507,41.80905],[2.86132,41.80746],[2.85887,41.80226],[2.85397,41.80058],[2.8553,41.79551],[2.8536,41.79387],[2.85383,41.79178],[2.86406,41.7823],[2.8712,41.77277],[2.88264,41.77363],[2.90238,41.77242],[2.91611,41.7679],[2.92819,41.75752],[2.94049,41.76064],[2.95269,41.77086],[2.96009,41.77414],[2.95577,41.78652],[2.94348,41.7895],[2.93459,41.81068],[2.93551,41.81352],[2.93032,41.8217],[2.93097,41.8231],[2.92974,41.8254],[2.93242,41.82617],[2.93334,41.82783],[2.94356,41.82697],[2.94634,41.8255],[2.94926,41.82676],[2.96245,41.8269],[2.96629,41.82576],[2.96983,41.82652],[2.97088,41.82812],[2.96895,41.8371],[2.96779,41.83698],[2.96658,41.83913],[2.9663,41.84392],[2.96206,41.84679],[2.96194,41.85138],[2.94876,41.86344],[2.9418,41.86636],[2.94498,41.86854],[2.94474,41.87216],[2.95107,41.8769],[2.95072,41.87909],[2.95283,41.8795],[2.95344,41.88243],[2.95647,41.88473],[2.94642,41.88708],[2.93631,41.89794],[2.90599,41.90251],[2.89483,41.90141],[2.88541,41.9094],[2.90228,41.91897],[2.9022,41.92233],[2.89759,41.93089],[2.89788,41.9329],[2.91199,41.93439],[2.91165,41.93135],[2.91384,41.92995],[2.91881,41.93188],[2.92075,41.93355],[2.92154,41.93696],[2.92413,41.93787],[2.9282,41.93759],[2.93533,41.93982],[2.94357,41.93867],[2.94626,41.93943],[2.94484,41.9473],[2.94907,41.94794],[2.94594,41.95524],[2.94779,41.96199],[2.94507,41.96608],[2.94967,41.97297],[2.96819,41.97515],[2.97561,41.97805],[2.97555,41.98275],[2.98174,41.98371],[2.98716,41.98917],[2.97842,42.00017],[2.97299,42.00096],[2.9675,41.99867],[2.95969,42.00047],[2.95807,41.9992],[2.95169,42.0057],[2.95122,42.00987],[2.95287,42.01787],[2.95298,42.03308],[2.95641,42.03218],[2.95913,42.03804],[2.96236,42.03881],[2.96558,42.03496],[2.969,42.03457],[2.97982,42.03683],[2.98163,42.04524],[2.9808,42.04828],[2.97268,42.06098],[2.97765,42.06653],[2.9781,42.07299],[2.97289,42.07303],[2.971,42.0746],[2.96892,42.08461],[2.95844,42.09401],[2.95736,42.09662],[2.95268,42.09676],[2.95191,42.09776],[2.95426,42.11194],[2.95343,42.11316],[2.94308,42.11404],[2.93925,42.11637],[2.93363,42.11553],[2.93177,42.1137],[2.92889,42.11487]]]]}},{"type":"Feature","id":"21","properties":{"code":"21","name":"Maresme","areaKm2":397.65},"geometry":{"type":"MultiPolygon","coordinates":[[[[2.72405,41.7444],[2.70251,41.72815],[2.69303,41.72541],[2.6701,41.71439],[2.6659,41.71711],[2.65892,41.71859],[2.65399,41.72196],[2.65083,41.72214],[2.64972,41.71771],[2.64353,41.71521],[2.64098,41.71178],[2.63327,41.69465],[2.63449,41.69146],[2.63301,41.68984],[2.63013,41.6882],[2.62669,41.68849],[2.61377,41.69252],[2.59968,41.68382],[2.60318,41.67848],[2.60902,41.67545],[2.60638,41.67268],[2.59816,41.67014],[2.59387,41.65887],[2.57148,41.661],[2.5619,41.65883],[2.55137,41.65998],[2.54666,41.65821],[2.54468,41.6558],[2.54409,41.65042],[2.54017,41.64731],[2.53951,41.64283],[2.5355,41.64101],[2.53473,41.63387],[2.52872,41.63183],[2.52942,41.62934],[2.52736,41.62706],[2.5226,41.62584],[2.51624,41.62657],[2.51487,41.62774],[2.51156,41.6258],[2.49721,41.62331],[2.48493,41.62691],[2.4844,41.63116],[2.47952,41.62919],[2.47778,41.63129],[2.4733,41.63106],[2.47132,41.62974],[2.46346,41.63062],[2.45861,41.62839],[2.45678,41.62851],[2.45562,41.63123],[2.45208,41.62605],[2.44806,41.62759],[2.44798,41.6306],[2.44518,41.62978],[2.44065,41.63066],[2.43644,41.62821],[2.43192,41.63089],[2.43106,41.62959],[2.42914,41.63108],[2.42876,41.62943],[2.42165,41.63066],[2.42034,41.62559],[2.41767,41.62716],[2.41514,41.62608],[2.40906,41.6199],[2.40547,41.61419],[2.4012,41.61091],[2.40107,41.6077],[2.39417,41.60855],[2.38614,41.59953],[2.38253,41.59994],[2.38329,41.59899],[2.38221,41.59589],[2.38042,41.59476],[2.3751,41.59512],[2.36847,41.5854],[2.35425,41.57232],[2.34868,41.5698],[2.34724,41.56703],[2.34395,41.56531],[2.34409,41.56367],[2.3418,41.56114],[2.33751,41.56115],[2.33837,41.55858],[2.33744,41.55624],[2.33919,41.55504],[2.33858,41.55093],[2.33498,41.54896],[2.33551,41.54601],[2.33352,41.54455],[2.33474,41.54388],[2.32798,41.54126],[2.32817,41.5393],[2.31605,41.53344],[2.31895,41.53281],[2.32029,41.53008],[2.32376,41.5303],[2.32889,41.52846],[2.32946,41.52393],[2.33097,41.52387],[2.32532,41.51855],[2.32301,41.51664],[2.31604,41.5175],[2.30974,41.51635],[2.30724,41.51336],[2.30167,41.51527],[2.28927,41.51417],[2.2849,41.51533],[2.27591,41.51142],[2.26948,41.51008],[2.2668,41.50477],[2.26328,41.50397],[2.26222,41.50234],[2.26299,41.5016],[2.25922,41.49726],[2.25551,41.49597],[2.2544,41.4923],[2.24735,41.48896],[2.24764,41.48521],[2.26138,41.47068],[2.26455,41.46574],[2.27027,41.46079],[2.28881,41.46941],[2.30442,41.47494],[2.30726,41.47541],[2.30997,41.47422],[2.31239,41.475],[2.30941,41.47443],[2.30852,41.47601],[2.31077,41.47638],[2.31111,41.47539],[2.31094,41.47629],[2.31415,41.47608],[2.31288,41.47687],[2.31479,41.47746],[2.31519,41.47641],[2.31487,41.47748],[2.31668,41.47769],[2.31633,41.4762],[2.31098,41.47358],[2.31229,41.47359],[2.32937,41.48103],[2.35071,41.48556],[2.36165,41.48923],[2.3658,41.48814],[2.36528,41.48909],[2.36971,41.49037],[2.37043,41.48893],[2.36473,41.48773],[2.36712,41.48739],[2.37063,41.48875],[2.37056,41.49034],[2.37592,41.49374],[2.38782,41.49931],[2.38908,41.49882],[2.39728,41.50391],[2.39952,41.50401],[2.41745,41.51603],[2.43958,41.52836],[2.44224,41.52803],[2.44133,41.52886],[2.44237,41.52954],[2.4447,41.52784],[2.44308,41.52925],[2.44512,41.52925],[2.44439,41.53024],[2.44676,41.53202],[2.44877,41.52984],[2.44554,41.52853],[2.44626,41.52794],[2.44442,41.52613],[2.44929,41.5298],[2.44812,41.53217],[2.45003,41.53429],[2.45451,41.53656],[2.45923,41.54123],[2.46791,41.54572],[2.49318,41.55235],[2.50099,41.55621],[2.50362,41.55563],[2.50625,41.55698],[2.50384,41.55598],[2.50254,41.55712],[2.50417,41.55799],[2.50498,41.55718],[2.5054,41.55878],[2.50809,41.55808],[2.50648,41.55829],[2.5065,41.55932],[2.50856,41.55966],[2.50902,41.55835],[2.50582,41.55542],[2.50947,41.5594],[2.51429,41.56209],[2.54932,41.57694],[2.55479,41.57758],[2.55895,41.57613],[2.55633,41.57659],[2.55645,41.57748],[2.55969,41.57785],[2.55644,41.57803],[2.55544,41.57936],[2.56285,41.57932],[2.56011,41.57537],[2.55653,41.57447],[2.56058,41.57498],[2.56224,41.57755],[2.57187,41.58229],[2.62332,41.60056],[2.62546,41.60028],[2.63181,41.60373],[2.6398,41.6048],[2.65195,41.60951],[2.70021,41.62367],[2.71104,41.62812],[2.71904,41.62927],[2.73121,41.63667],[2.74619,41.64234],[2.77597,41.64947],[2.77763,41.65068],[2.77666,41.65259],[2.77235,41.65911],[2.76042,41.6723],[2.75785,41.6794],[2.77022,41.68753],[2.77452,41.70029],[2.76586,41.7257],[2.77706,41.73073],[2.77602,41.73495],[2.74421,41.73488],[2.72405,41.7444]]]]}},{"type":"Feature","id":"22","properties":{"code":"22","name":"Montsià","areaKm2":732.87},"geometry":{"type":"MultiPolygon","coordinates":[[[[0.63546,40.57988],[0.63529,40.58134],[0.63345,40.57985],[0.63488,40.57739],[0.63585,40.57771],[0.63418,40.57893],[0.63546,40.57988]]],[[[0.25128,40.78189],[0.2498,40.78256],[0.23357,40.78002],[0.23505,40.77658],[0.2308,40.77364],[0.22933,40.77084],[0.23005,40.76731],[0.227,40.76727],[0.22464,40.76526],[0.22148,40.76694],[0.21212,40.76759],[0.2021,40.75783],[0.19751,40.75913],[0.19568,40.75842],[0.19562,40.75675],[0.19024,40.75055],[0.18497,40.75287],[0.1845,40.75594],[0.18161,40.75281],[0.17546,40.75484],[0.17637,40.75296],[0.1739,40.74894],[0.17558,40.7451],[0.17467,40.74119],[0.16688,40.74529],[0.16377,40.74928],[0.1591,40.75018],[0.16489,40.74306],[0.16321,40.74218],[0.16407,40.73999],[0.16723,40.73937],[0.167,40.73763],[0.17023,40.7346],[0.17025,40.73274],[0.18173,40.72815],[0.18561,40.72819],[0.19104,40.7311],[0.19729,40.72414],[0.20587,40.72648],[0.208,40.729],[0.2108,40.72899],[0.21611,40.73228],[0.22638,40.73313],[0.22463,40.72556],[0.22737,40.71495],[0.23498,40.70591],[0.23609,40.70165],[0.24204,40.70018],[0.24888,40.70258],[0.25153,40.70485],[0.26199,40.70602],[0.26598,40.70328],[0.27039,40.70296],[0.27262,40.69883],[0.27553,40.69747],[0.27674,40.69412],[0.28121,40.69363],[0.28617,40.68981],[0.29204,40.68813],[0.29241,40.68476],[0.28564,40.67859],[0.28315,40.67278],[0.27384,40.66864],[0.27351,40.66586],[0.26766,40.65809],[0.26933,40.65322],[0.26939,40.64801],[0.2656,40.64527],[0.27023,40.64029],[0.27064,40.63793],[0.27611,40.63661],[0.2793,40.63087],[0.27873,40.63011],[0.28239,40.62753],[0.29213,40.62307],[0.29839,40.62585],[0.30048,40.62262],[0.30617,40.62038],[0.31538,40.61395],[0.31917,40.61472],[0.32321,40.6124],[0.33928,40.60831],[0.35212,40.60815],[0.36069,40.60569],[0.36724,40.6065],[0.37171,40.60497],[0.37639,40.60674],[0.38859,40.6068],[0.39468,40.60315],[0.40194,40.60277],[0.40682,40.59776],[0.40488,40.59508],[0.41558,40.58979],[0.42119,40.58502],[0.42573,40.58367],[0.43198,40.57933],[0.44324,40.5787],[0.44328,40.57742],[0.44135,40.57729],[0.4398,40.57441],[0.43725,40.57311],[0.43689,40.57154],[0.43882,40.57085],[0.43358,40.56579],[0.43529,40.55934],[0.43686,40.55771],[0.43613,40.54968],[0.4387,40.5464],[0.44599,40.54508],[0.44809,40.54171],[0.45473,40.54095],[0.46142,40.53735],[0.47242,40.53503],[0.47777,40.53197],[0.48113,40.53232],[0.48703,40.52926],[0.49855,40.52791],[0.51493,40.52286],[0.51499,40.52551],[0.52194,40.53895],[0.52261,40.54309],[0.53013,40.551],[0.53421,40.55193],[0.53034,40.55149],[0.53188,40.55304],[0.5324,40.55179],[0.53214,40.55361],[0.53823,40.56763],[0.54172,40.56953],[0.54306,40.56843],[0.54207,40.57017],[0.54728,40.57301],[0.55133,40.56971],[0.55643,40.57148],[0.55136,40.56994],[0.54982,40.57175],[0.55214,40.57286],[0.54951,40.5721],[0.54786,40.57407],[0.5606,40.58447],[0.563,40.58839],[0.57188,40.59629],[0.57602,40.59842],[0.58043,40.60412],[0.58616,40.60706],[0.58585,40.60814],[0.58828,40.60955],[0.58868,40.61148],[0.5908,40.61176],[0.59069,40.61298],[0.59569,40.61396],[0.60462,40.60906],[0.59537,40.61457],[0.59657,40.61623],[0.5932,40.6163],[0.59669,40.61658],[0.59626,40.61731],[0.59725,40.61654],[0.59629,40.61733],[0.59751,40.6167],[0.59645,40.61754],[0.59789,40.61743],[0.59713,40.61808],[0.59853,40.61909],[0.59933,40.61843],[0.59849,40.61778],[0.60009,40.61782],[0.59805,40.61635],[0.59858,40.61522],[0.5982,40.61636],[0.59992,40.61759],[0.6018,40.61607],[0.59908,40.61385],[0.60246,40.61701],[0.59817,40.61993],[0.60123,40.62041],[0.60034,40.61944],[0.60147,40.62021],[0.60087,40.61901],[0.60261,40.61928],[0.6016,40.61849],[0.6032,40.6192],[0.60265,40.61769],[0.60326,40.6192],[0.60491,40.6193],[0.60355,40.61948],[0.6048,40.62075],[0.60212,40.62071],[0.60186,40.62195],[0.60653,40.62277],[0.60708,40.61784],[0.60396,40.61766],[0.60346,40.61551],[0.60852,40.61661],[0.60787,40.62295],[0.60382,40.62259],[0.60064,40.62075],[0.60029,40.62158],[0.60493,40.62321],[0.62603,40.62227],[0.64111,40.62395],[0.6438,40.62295],[0.64367,40.62417],[0.64221,40.62421],[0.64382,40.62442],[0.64411,40.62291],[0.64412,40.62388],[0.64915,40.62507],[0.65183,40.62423],[0.65236,40.626],[0.65433,40.62669],[0.66386,40.62712],[0.6657,40.62544],[0.6641,40.62724],[0.68351,40.63417],[0.68306,40.63622],[0.68443,40.63641],[0.68533,40.63458],[0.69285,40.63636],[0.69192,40.63839],[0.69273,40.63969],[0.69456,40.63643],[0.70024,40.63831],[0.70396,40.63754],[0.70359,40.63839],[0.70795,40.63629],[0.71137,40.63788],[0.71391,40.63733],[0.71304,40.63844],[0.7141,40.63897],[0.72145,40.63846],[0.72613,40.63972],[0.73281,40.63839],[0.73354,40.6407],[0.73574,40.63787],[0.73817,40.63774],[0.73661,40.6391],[0.73853,40.63826],[0.73821,40.63739],[0.7393,40.6384],[0.7458,40.63662],[0.74208,40.63262],[0.74088,40.63053],[0.74152,40.62952],[0.7385,40.62562],[0.73488,40.62287],[0.72947,40.6154],[0.72439,40.61081],[0.72329,40.61117],[0.72184,40.60909],[0.72305,40.6089],[0.71938,40.60659],[0.72058,40.60646],[0.7156,40.60042],[0.7144,40.60065],[0.71357,40.59933],[0.71469,40.59911],[0.71167,40.59693],[0.71303,40.59708],[0.71209,40.59585],[0.7083,40.59403],[0.70987,40.59218],[0.70758,40.59061],[0.70638,40.59145],[0.70361,40.5897],[0.69873,40.58989],[0.69751,40.58891],[0.68775,40.58983],[0.68379,40.58902],[0.67247,40.593],[0.66028,40.5915],[0.65625,40.58884],[0.65419,40.58541],[0.65561,40.58505],[0.65712,40.57826],[0.65459,40.57888],[0.65373,40.57787],[0.65275,40.58028],[0.64993,40.58112],[0.65086,40.57774],[0.64768,40.57603],[0.64589,40.57683],[0.64954,40.57466],[0.64972,40.57278],[0.64706,40.57539],[0.64837,40.57251],[0.64544,40.57537],[0.64438,40.57526],[0.64606,40.57384],[0.64337,40.57464],[0.64275,40.5738],[0.63389,40.57636],[0.63053,40.5784],[0.63121,40.58002],[0.62968,40.58188],[0.62123,40.58345],[0.61803,40.58576],[0.61655,40.58545],[0.61824,40.58424],[0.6166,40.58191],[0.61791,40.5808],[0.61673,40.58103],[0.61737,40.58046],[0.61634,40.58074],[0.61692,40.58009],[0.61586,40.58034],[0.61526,40.57894],[0.61722,40.57767],[0.61679,40.57464],[0.61847,40.57197],[0.61661,40.57345],[0.61622,40.57609],[0.61198,40.57596],[0.61136,40.57814],[0.60862,40.57725],[0.60786,40.57574],[0.6079,40.57748],[0.60391,40.57657],[0.60191,40.57538],[0.60304,40.57467],[0.60188,40.57394],[0.60145,40.57555],[0.59853,40.57649],[0.60054,40.57605],[0.59996,40.57671],[0.59434,40.5796],[0.59253,40.58027],[0.59157,40.57843],[0.59359,40.57065],[0.59625,40.56578],[0.60505,40.55729],[0.60332,40.55836],[0.60419,40.55767],[0.61502,40.55228],[0.62239,40.55081],[0.63033,40.55096],[0.65076,40.55426],[0.66436,40.55833],[0.67903,40.56418],[0.69628,40.57621],[0.70471,40.58444],[0.72283,40.60751],[0.74524,40.63112],[0.75363,40.6382],[0.76697,40.64531],[0.83898,40.67555],[0.85503,40.68492],[0.86147,40.69037],[0.86501,40.6953],[0.87428,40.71734],[0.87334,40.71936],[0.85809,40.71885],[0.84196,40.71538],[0.82966,40.7101],[0.81707,40.70657],[0.80534,40.69834],[0.79339,40.69429],[0.77848,40.69631],[0.76265,40.70303],[0.75345,40.70976],[0.73736,40.7098],[0.70577,40.71461],[0.69312,40.71472],[0.68769,40.71336],[0.68283,40.71505],[0.67421,40.72112],[0.66177,40.71963],[0.6391,40.71366],[0.6181,40.70604],[0.61178,40.70579],[0.59374,40.7088],[0.57993,40.71574],[0.57455,40.72626],[0.56839,40.74679],[0.56541,40.75012],[0.56139,40.75177],[0.55122,40.74581],[0.55165,40.74411],[0.54548,40.74426],[0.54065,40.74738],[0.53695,40.74813],[0.53359,40.74762],[0.53258,40.74567],[0.53077,40.74539],[0.52383,40.74611],[0.51988,40.74299],[0.5181,40.74308],[0.51846,40.74442],[0.51708,40.74473],[0.51497,40.74169],[0.50604,40.73829],[0.50215,40.73973],[0.49842,40.73838],[0.4928,40.73949],[0.47454,40.73686],[0.45636,40.73845],[0.44004,40.73611],[0.43207,40.73832],[0.42114,40.73856],[0.41246,40.74049],[0.39899,40.7482],[0.39405,40.75352],[0.38322,40.75802],[0.3843,40.76282],[0.34311,40.7577],[0.33056,40.76052],[0.3264,40.75175],[0.32251,40.75174],[0.31171,40.74555],[0.29937,40.75035],[0.29023,40.75167],[0.29115,40.75418],[0.29062,40.756],[0.28868,40.75609],[0.29019,40.75857],[0.28803,40.76079],[0.28864,40.76203],[0.28677,40.7653],[0.28823,40.76678],[0.28655,40.76873],[0.27929,40.76658],[0.27664,40.76288],[0.27552,40.76688],[0.27067,40.76763],[0.27017,40.76922],[0.27743,40.77308],[0.27199,40.78023],[0.2668,40.7801],[0.2641,40.78196],[0.25128,40.78189]]]]}},{"type":"Feature","id":"23","properties":{"code":"23","name":"Noguera","areaKm2":1780.81},"geometry":{"type":"MultiPolygon","coordinates":[[[[1.16701,42.11825],[1.16772,42.11932],[1.16589,42.12129],[1.16606,42.12305],[1.15742,42.12292],[1.15624,42.11864],[1.15213,42.11593],[1.14822,42.11841],[1.14722,42.11565],[1.1457,42.11541],[1.14435,42.11812],[1.1421,42.11801],[1.14045,42.11983],[1.13706,42.11653],[1.13554,42.11125],[1.13258,42.10925],[1.13032,42.10442],[1.12371,42.09808],[1.11973,42.08932],[1.11143,42.08709],[1.10195,42.07616],[1.09914,42.07155],[1.10071,42.06736],[1.09888,42.06716],[1.09821,42.06274],[1.09435,42.05812],[1.08258,42.05087],[1.07869,42.0499],[1.07703,42.04562],[1.08468,42.03674],[1.09039,42.03367],[1.09235,42.02672],[1.09097,42.02629],[1.08965,42.01963],[1.08784,42.01872],[1.08959,42.01798],[1.08293,42.00792],[1.07543,42.00589],[1.07297,42.0236],[1.06929,42.03637],[1.05698,42.03441],[1.04521,42.03439],[1.03571,42.03166],[1.02805,42.03095],[1.02165,42.03392],[1.00936,42.02094],[1.00737,42.02271],[0.99734,42.02082],[0.98442,42.02181],[0.96541,42.01975],[0.95302,42.02117],[0.94899,42.02413],[0.93944,42.02193],[0.92021,42.02204],[0.91737,42.02413],[0.91637,42.02364],[0.9161,42.02564],[0.91344,42.02567],[0.89875,42.03476],[0.89704,42.03396],[0.88991,42.03638],[0.88777,42.0406],[0.88839,42.04321],[0.87357,42.03686],[0.86409,42.03576],[0.84958,42.03613],[0.84683,42.03772],[0.83097,42.04101],[0.80422,42.04032],[0.79889,42.04273],[0.78938,42.04007],[0.77639,42.04134],[0.76385,42.03971],[0.74614,42.04636],[0.7467,42.04914],[0.74294,42.05258],[0.73803,42.05302],[0.72589,42.05082],[0.72341,42.05123],[0.72305,42.05235],[0.71162,42.05247],[0.69794,42.05892],[0.6937,42.05908],[0.69149,42.06056],[0.69044,42.06325],[0.68743,42.06443],[0.68255,42.07067],[0.68167,42.07531],[0.68028,42.07601],[0.66955,42.06141],[0.6704,42.05972],[0.66986,42.05614],[0.66837,42.05504],[0.66897,42.04971],[0.67194,42.04737],[0.66652,42.0415],[0.65909,42.04141],[0.65737,42.04035],[0.65734,42.03121],[0.65192,42.02635],[0.65166,42.0238],[0.6552,42.0222],[0.65509,42.01848],[0.65734,42.01498],[0.66001,42.014],[0.66412,42.0153],[0.66271,42.0118],[0.65997,42.00933],[0.65704,42.00116],[0.64641,41.99613],[0.64515,41.99204],[0.6457,41.9874],[0.64298,41.98284],[0.64186,41.98201],[0.64234,41.98617],[0.63886,41.99474],[0.63494,41.9924],[0.62405,41.99181],[0.61691,41.98698],[0.61897,41.98308],[0.6145,41.98143],[0.61064,41.97765],[0.61191,41.97317],[0.61049,41.96789],[0.60353,41.96554],[0.60558,41.95999],[0.60013,41.96206],[0.59782,41.96542],[0.59308,41.96871],[0.58701,41.9665],[0.58601,41.9616],[0.57818,41.95757],[0.576,41.95349],[0.5659,41.94438],[0.56388,41.9396],[0.56126,41.93888],[0.56264,41.93269],[0.57208,41.93149],[0.58069,41.928],[0.6017,41.92277],[0.60759,41.91923],[0.60592,41.918],[0.59877,41.91898],[0.59498,41.91763],[0.59576,41.91409],[0.60085,41.9095],[0.60095,41.90711],[0.59505,41.8886],[0.59208,41.8848],[0.60832,41.87836],[0.60768,41.87244],[0.60349,41.86915],[0.59874,41.86926],[0.59406,41.86791],[0.59159,41.86537],[0.58701,41.86571],[0.58412,41.86353],[0.57989,41.86317],[0.58196,41.85726],[0.57864,41.84797],[0.57799,41.82716],[0.58685,41.8085],[0.59957,41.79201],[0.61116,41.78452],[0.61682,41.77235],[0.62116,41.76647],[0.6269,41.76173],[0.63387,41.75932],[0.6382,41.75569],[0.6469,41.74633],[0.65979,41.73572],[0.66297,41.72881],[0.67124,41.72062],[0.67226,41.71818],[0.68565,41.70855],[0.6908,41.70065],[0.69243,41.69561],[0.69381,41.69498],[0.70264,41.70032],[0.70324,41.698],[0.70591,41.69559],[0.7086,41.69545],[0.70991,41.69881],[0.71236,41.69965],[0.71202,41.7016],[0.71543,41.70297],[0.72629,41.69867],[0.73131,41.70568],[0.74185,41.7122],[0.74555,41.71036],[0.74959,41.7061],[0.76359,41.68561],[0.77646,41.68807],[0.77424,41.69709],[0.77737,41.69977],[0.78338,41.69955],[0.79182,41.70153],[0.79501,41.70347],[0.80537,41.70207],[0.80955,41.70007],[0.81196,41.71323],[0.81982,41.71196],[0.83887,41.71275],[0.84069,41.71148],[0.84094,41.70803],[0.84205,41.70795],[0.84975,41.71068],[0.85687,41.71118],[0.86353,41.72301],[0.86569,41.72431],[0.8527,41.72569],[0.85542,41.73117],[0.86396,41.74097],[0.88093,41.73921],[0.89309,41.74064],[0.89425,41.73778],[0.91338,41.73766],[0.91559,41.71931],[0.92778,41.70644],[0.93501,41.70758],[0.93581,41.70271],[0.93915,41.70105],[0.94747,41.70143],[0.95954,41.70518],[0.97061,41.70356],[0.98244,41.71309],[0.9831,41.73177],[0.97747,41.73133],[0.96747,41.73503],[0.96046,41.73237],[0.95754,41.73897],[0.95402,41.74275],[0.97109,41.7545],[0.98757,41.77432],[0.98624,41.77158],[1.00773,41.77099],[1.01511,41.77654],[1.01974,41.77688],[1.03336,41.76882],[1.04694,41.78206],[1.06068,41.79295],[1.08055,41.82405],[1.07549,41.82304],[1.0995,41.85669],[1.10448,41.85555],[1.10344,41.85293],[1.11558,41.85407],[1.11502,41.85086],[1.12074,41.84894],[1.12464,41.83263],[1.12254,41.8287],[1.11932,41.82717],[1.11716,41.82299],[1.11424,41.82156],[1.10312,41.82774],[1.10146,41.82542],[1.10184,41.82105],[1.09863,41.8195],[1.09874,41.81149],[1.12295,41.80764],[1.12611,41.8054],[1.13354,41.80444],[1.13471,41.80727],[1.13418,41.81076],[1.1362,41.81114],[1.13802,41.81454],[1.14208,41.81621],[1.14614,41.82091],[1.15112,41.82015],[1.15276,41.81826],[1.14995,41.81395],[1.14111,41.80825],[1.13627,41.80116],[1.13619,41.79846],[1.14052,41.79273],[1.14029,41.78572],[1.15263,41.78226],[1.16367,41.78145],[1.18137,41.79611],[1.18646,41.79823],[1.1946,41.8091],[1.20247,41.81508],[1.21176,41.81155],[1.21569,41.81292],[1.21781,41.81623],[1.22483,41.81963],[1.22736,41.82522],[1.23534,41.8324],[1.23718,41.83597],[1.23614,41.84154],[1.23815,41.84402],[1.2419,41.8454],[1.24353,41.84891],[1.24564,41.84898],[1.24804,41.85158],[1.252,41.8529],[1.25695,41.85771],[1.25903,41.85637],[1.25814,41.85869],[1.26008,41.86053],[1.26574,41.86189],[1.28249,41.87578],[1.28373,41.87743],[1.28346,41.88206],[1.28943,41.88687],[1.29032,41.89419],[1.29252,41.89791],[1.29017,41.90361],[1.29092,41.90992],[1.29845,41.91799],[1.29539,41.92157],[1.30047,41.92509],[1.30233,41.92905],[1.30772,41.93342],[1.31355,41.94723],[1.31314,41.9489],[1.30847,41.95296],[1.29346,41.95548],[1.29138,41.95852],[1.28797,41.95634],[1.2856,41.95851],[1.26001,41.94247],[1.25586,41.94185],[1.25153,41.93942],[1.24803,41.93988],[1.2527,41.94452],[1.25324,41.94958],[1.25575,41.9534],[1.26228,41.97267],[1.26247,41.97486],[1.25798,41.97647],[1.25696,41.98174],[1.25807,41.98914],[1.26007,41.98992],[1.26368,41.99761],[1.26147,42.00294],[1.2495,42.00702],[1.2482,42.00803],[1.24873,42.01178],[1.23653,42.02036],[1.23639,42.02489],[1.2392,42.02779],[1.23917,42.0318],[1.24099,42.03644],[1.23497,42.04274],[1.23335,42.04642],[1.23976,42.0496],[1.242,42.0529],[1.23672,42.06059],[1.23869,42.06314],[1.23765,42.06427],[1.23398,42.06335],[1.23704,42.06588],[1.22403,42.06978],[1.21908,42.0688],[1.22339,42.07581],[1.22046,42.07811],[1.22097,42.0796],[1.21449,42.07944],[1.21286,42.07685],[1.21082,42.07656],[1.20656,42.07925],[1.20275,42.08373],[1.20004,42.09],[1.18574,42.08571],[1.18383,42.08967],[1.18236,42.08844],[1.18401,42.08682],[1.18159,42.0869],[1.18092,42.08475],[1.17965,42.08545],[1.17705,42.08357],[1.17515,42.08472],[1.17165,42.08439],[1.16974,42.08245],[1.16674,42.08234],[1.1666,42.08738],[1.16779,42.08852],[1.16438,42.09621],[1.16392,42.10008],[1.16501,42.10071],[1.16411,42.10332],[1.16241,42.10324],[1.16209,42.10468],[1.16503,42.10953],[1.16701,42.11825]],[[0.95262,41.74711],[0.96787,41.75623],[0.9758,41.77044],[0.97662,41.77572],[0.97914,41.77549],[0.97706,41.77132],[0.97554,41.76329],[0.97007,41.7562],[0.95382,41.74523],[0.95262,41.74711]],[[1.04411,41.85851],[1.04501,41.85944],[1.04636,41.85719],[1.05536,41.85755],[1.05565,41.8533],[1.05677,41.85341],[1.05807,41.84869],[1.06158,41.84899],[1.06507,41.83672],[1.0666,41.83523],[1.05443,41.83704],[1.05115,41.82992],[1.04207,41.82866],[1.03592,41.8257],[1.03232,41.82058],[1.02934,41.81944],[1.02694,41.82018],[1.0253,41.82205],[1.02424,41.82784],[1.02167,41.82836],[1.02441,41.83169],[1.02451,41.83843],[1.0201,41.8387],[1.01959,41.84766],[1.02089,41.85032],[1.0257,41.85183],[1.02903,41.85582],[1.03144,41.85432],[1.03124,41.8521],[1.03315,41.85187],[1.03359,41.85325],[1.03535,41.85255],[1.0369,41.85451],[1.0396,41.85416],[1.03971,41.85738],[1.04208,41.8568],[1.04411,41.85851]]]]}},{"type":"Feature","id":"24","properties":{"code":"24","name":"Osona","areaKm2":1027.54},"geometry":{"type":"MultiPolygon","coordinates":[[[[2.3727,42.1723],[2.37117,42.1761],[2.3612,42.17151],[2.35386,42.17186],[2.34539,42.16824],[2.33997,42.16888],[2.32771,42.16253],[2.31378,42.16258],[2.30816,42.15849],[2.30502,42.15781],[2.29696,42.16584],[2.29417,42.1644],[2.28992,42.16568],[2.28699,42.16379],[2.28068,42.16619],[2.27557,42.16417],[2.26489,42.16418],[2.26826,42.16208],[2.27128,42.16314],[2.27699,42.16219],[2.27615,42.1577],[2.28145,42.16013],[2.28243,42.15914],[2.28165,42.15713],[2.29128,42.15685],[2.28566,42.15237],[2.27699,42.14958],[2.28793,42.14992],[2.28826,42.14819],[2.29004,42.15007],[2.29742,42.15148],[2.2918,42.14763],[2.28576,42.14005],[2.28121,42.14067],[2.27223,42.13928],[2.27321,42.14241],[2.27083,42.14263],[2.27147,42.14371],[2.26987,42.14501],[2.26865,42.14281],[2.26029,42.14115],[2.25754,42.13863],[2.246,42.13921],[2.24257,42.13797],[2.24011,42.14281],[2.23778,42.14391],[2.21449,42.14194],[2.2144,42.13864],[2.20995,42.13964],[2.21086,42.13674],[2.20528,42.13361],[2.21298,42.1289],[2.20896,42.12722],[2.20625,42.13083],[2.20372,42.13146],[2.20176,42.12855],[2.20444,42.12549],[2.20067,42.1239],[2.18873,42.12429],[2.18615,42.12832],[2.18787,42.1313],[2.18648,42.13398],[2.18092,42.13525],[2.1634,42.13498],[2.14357,42.13092],[2.13734,42.12078],[2.12774,42.11491],[2.12585,42.11241],[2.12788,42.1084],[2.13293,42.10524],[2.12972,42.10158],[2.13004,42.10043],[2.12263,42.09919],[2.11605,42.10182],[2.11241,42.09987],[2.11092,42.0939],[2.10885,42.09261],[2.1086,42.08999],[2.10474,42.08538],[2.10732,42.08261],[2.10813,42.07833],[2.11006,42.07612],[2.11569,42.07281],[2.11776,42.06967],[2.12302,42.06879],[2.12475,42.06357],[2.13553,42.05754],[2.13416,42.05409],[2.13584,42.05188],[2.12732,42.05183],[2.12391,42.04926],[2.12632,42.04353],[2.12984,42.04109],[2.1292,42.03675],[2.12396,42.03284],[2.13175,42.0255],[2.14024,42.02635],[2.14869,42.02971],[2.15112,42.03227],[2.16197,42.03637],[2.16317,42.038],[2.17485,42.03961],[2.18054,42.04195],[2.18765,42.03309],[2.19274,42.02965],[2.19392,42.02726],[2.19794,42.02541],[2.19877,42.02418],[2.19749,42.02133],[2.20024,42.01837],[2.19764,42.01541],[2.19329,42.01446],[2.19449,42.00804],[2.19208,42.00878],[2.18903,42.00786],[2.18988,42.01042],[2.18903,42.01116],[2.1876,42.0074],[2.18383,42.0051],[2.18071,42.00571],[2.17639,42.0027],[2.16884,42.00615],[2.15536,42.00954],[2.15475,42.01101],[2.14665,42.01046],[2.1417,42.00706],[2.13985,42.0036],[2.13301,42.00051],[2.12436,41.99084],[2.12719,41.98919],[2.12907,41.98503],[2.12733,41.97858],[2.12829,41.9719],[2.12149,41.96671],[2.13119,41.96444],[2.12849,41.96133],[2.12871,41.9579],[2.13577,41.95519],[2.13648,41.94796],[2.1396,41.94462],[2.12801,41.94268],[2.12193,41.94467],[2.1117,41.92869],[2.10121,41.92002],[2.09812,41.92136],[2.09038,41.91505],[2.0934,41.91386],[2.09127,41.909],[2.09167,41.90457],[2.0975,41.90341],[2.10567,41.90329],[2.11309,41.90663],[2.13049,41.91011],[2.13532,41.91339],[2.13476,41.91528],[2.13702,41.91332],[2.13918,41.91035],[2.13989,41.90612],[2.14395,41.90171],[2.14339,41.90036],[2.1402,41.90008],[2.14115,41.89888],[2.1399,41.89189],[2.13819,41.88937],[2.13304,41.88637],[2.123,41.88563],[2.12403,41.88106],[2.13198,41.87844],[2.13186,41.8741],[2.12883,41.87113],[2.12848,41.86901],[2.13525,41.86278],[2.13671,41.85887],[2.14208,41.85927],[2.14189,41.85582],[2.1462,41.8526],[2.15447,41.85355],[2.15745,41.85676],[2.16851,41.85552],[2.1797,41.85258],[2.18362,41.85468],[2.18415,41.85782],[2.18631,41.8599],[2.18996,41.84861],[2.18848,41.84412],[2.19197,41.83793],[2.19337,41.83861],[2.19653,41.8361],[2.19177,41.82095],[2.1877,41.81664],[2.18841,41.81354],[2.18727,41.81014],[2.18441,41.80862],[2.17967,41.80281],[2.17943,41.80095],[2.17562,41.79825],[2.18347,41.79361],[2.18601,41.78918],[2.18623,41.78207],[2.18876,41.77528],[2.18847,41.75715],[2.18956,41.75237],[2.18447,41.74267],[2.18951,41.73255],[2.19418,41.73],[2.19748,41.73046],[2.20138,41.72849],[2.20642,41.729],[2.21325,41.72649],[2.2234,41.72976],[2.23002,41.72919],[2.23617,41.73207],[2.24058,41.72961],[2.24583,41.73126],[2.24948,41.7301],[2.25532,41.73077],[2.2559,41.7282],[2.26296,41.73084],[2.26229,41.73523],[2.25444,41.73558],[2.26067,41.74051],[2.25988,41.74283],[2.26073,41.74461],[2.25801,41.74768],[2.25079,41.74938],[2.24928,41.75895],[2.2544,41.76536],[2.26578,41.76595],[2.26517,41.76747],[2.2695,41.77093],[2.27187,41.77012],[2.27277,41.7717],[2.27436,41.77138],[2.27821,41.77917],[2.28291,41.78309],[2.28742,41.78495],[2.29087,41.79288],[2.29812,41.7971],[2.30379,41.79856],[2.31838,41.7923],[2.3209,41.78783],[2.32819,41.78879],[2.32964,41.77868],[2.32847,41.77575],[2.33231,41.77186],[2.33436,41.76365],[2.34353,41.76329],[2.35586,41.76546],[2.36313,41.76809],[2.36589,41.77139],[2.36567,41.77628],[2.36383,41.77832],[2.36609,41.77889],[2.36561,41.78041],[2.36742,41.78298],[2.36211,41.79001],[2.36355,41.79179],[2.37565,41.79661],[2.38268,41.8088],[2.38727,41.80463],[2.39604,41.80584],[2.40473,41.8017],[2.40989,41.80166],[2.4144,41.80459],[2.41841,41.8045],[2.41667,41.80611],[2.41177,41.80641],[2.4168,41.81094],[2.41145,41.81324],[2.41221,41.81471],[2.40954,41.81615],[2.41042,41.81772],[2.40867,41.8191],[2.40736,41.82314],[2.41183,41.83144],[2.41429,41.83168],[2.41806,41.8358],[2.42316,41.83712],[2.42426,41.83947],[2.4224,41.84301],[2.41754,41.84588],[2.42029,41.84735],[2.41812,41.85068],[2.42133,41.85081],[2.42257,41.85471],[2.43293,41.85304],[2.43826,41.85494],[2.44104,41.86023],[2.44615,41.85981],[2.45375,41.86966],[2.4525,41.8804],[2.44376,41.88548],[2.44316,41.88824],[2.44625,41.89026],[2.44619,41.89476],[2.45668,41.89683],[2.45907,41.89832],[2.45994,41.90206],[2.46895,41.90457],[2.46813,41.90599],[2.46984,41.90872],[2.47252,41.90941],[2.47487,41.91486],[2.48104,41.91606],[2.47848,41.91912],[2.4805,41.92302],[2.47909,41.92448],[2.47983,41.92963],[2.47157,41.93834],[2.4704,41.93926],[2.46235,41.93825],[2.46051,41.94384],[2.45871,41.9441],[2.4548,41.9408],[2.45111,41.94369],[2.44606,41.94385],[2.44491,41.94183],[2.44238,41.94143],[2.44027,41.94351],[2.44021,41.94662],[2.43676,41.94797],[2.43813,41.95142],[2.44211,41.95449],[2.44144,41.95991],[2.43949,41.96315],[2.43237,41.96573],[2.42905,41.96569],[2.42728,41.96895],[2.43076,41.96899],[2.43324,41.97245],[2.43877,41.97356],[2.44278,41.97169],[2.44298,41.96999],[2.44134,41.96806],[2.44934,41.96989],[2.45225,41.96589],[2.45513,41.96768],[2.45687,41.96596],[2.46165,41.96772],[2.46532,41.96681],[2.47428,41.96952],[2.47169,41.97241],[2.4727,41.97535],[2.48021,41.97873],[2.48005,41.98249],[2.48802,41.98485],[2.46881,41.99374],[2.47666,41.99735],[2.4763,42.0009],[2.4797,42.00028],[2.47964,41.99788],[2.48299,41.99666],[2.48465,41.99931],[2.48818,41.99899],[2.49297,42.00128],[2.49905,42.0015],[2.49981,42.00787],[2.50285,42.00893],[2.50094,42.0105],[2.49511,42.01158],[2.49546,42.01662],[2.49422,42.02061],[2.50001,42.02174],[2.5017,42.02401],[2.503,42.02339],[2.50609,42.0323],[2.49962,42.03365],[2.49656,42.0371],[2.4928,42.03834],[2.48961,42.04358],[2.48834,42.04382],[2.48879,42.04522],[2.48453,42.04639],[2.48128,42.05074],[2.48586,42.05451],[2.49088,42.05559],[2.49362,42.05888],[2.49614,42.05901],[2.49055,42.06841],[2.48656,42.069],[2.48562,42.06606],[2.48269,42.06751],[2.48412,42.06938],[2.47974,42.0726],[2.48036,42.07501],[2.47646,42.07621],[2.46688,42.07394],[2.46239,42.07717],[2.46254,42.07451],[2.45808,42.07928],[2.45341,42.0764],[2.45005,42.07748],[2.44893,42.0766],[2.44998,42.07606],[2.44907,42.0743],[2.44364,42.07298],[2.43539,42.06845],[2.42947,42.06432],[2.42729,42.06115],[2.42062,42.0654],[2.41737,42.06506],[2.41461,42.0691],[2.41107,42.06876],[2.40903,42.07049],[2.40549,42.07866],[2.40099,42.08078],[2.3945,42.08676],[2.39688,42.08761],[2.39407,42.09154],[2.39464,42.0953],[2.40017,42.10276],[2.3951,42.10428],[2.3799,42.10359],[2.37658,42.10546],[2.37668,42.10988],[2.37371,42.11332],[2.37318,42.11582],[2.37547,42.11952],[2.37666,42.11933],[2.38106,42.12368],[2.3743,42.12888],[2.36869,42.12855],[2.35077,42.13767],[2.34878,42.14386],[2.34985,42.14691],[2.34881,42.14743],[2.35087,42.15049],[2.35732,42.15387],[2.35813,42.15883],[2.36149,42.16069],[2.36549,42.15949],[2.36833,42.16178],[2.37249,42.16143],[2.37526,42.16629],[2.3771,42.16408],[2.37983,42.16495],[2.3813,42.16247],[2.38447,42.1635],[2.38599,42.16687],[2.3788,42.17092],[2.37574,42.16951],[2.3727,42.1723]]]]}},{"type":"Feature","id":"25","properties":{"code":"25","name":"Pallars Jussà","areaKm2":1341.65},"geometry":{"type":"MultiPolygon","coordinates":[[[[0.78036,42.37509],[0.77037,42.37473],[0.76646,42.36929],[0.76176,42.36641],[0.76262,42.36046],[0.76012,42.35869],[0.76071,42.35675],[0.76489,42.35588],[0.76585,42.35293],[0.77091,42.35041],[0.76661,42.34861],[0.77395,42.34593],[0.78563,42.34776],[0.7953,42.34734],[0.79835,42.35251],[0.80354,42.35331],[0.80883,42.35735],[0.7989,42.36269],[0.78986,42.3739],[0.78903,42.37184],[0.78469,42.37146],[0.78462,42.37279],[0.78274,42.37278],[0.78036,42.37509]]],[[[0.98009,42.55285],[0.979,42.55477],[0.97428,42.55199],[0.96854,42.55109],[0.96613,42.54976],[0.9646,42.54641],[0.96155,42.54524],[0.96006,42.54106],[0.95371,42.53855],[0.95814,42.53218],[0.95755,42.53025],[0.95273,42.52867],[0.95317,42.52669],[0.95116,42.52519],[0.94555,42.52365],[0.94359,42.52451],[0.94262,42.52158],[0.94438,42.51815],[0.93389,42.51732],[0.92959,42.5153],[0.92808,42.51134],[0.92425,42.51038],[0.92235,42.5078],[0.92265,42.50542],[0.91859,42.50307],[0.92096,42.50034],[0.91984,42.49643],[0.92464,42.49258],[0.92291,42.49053],[0.92155,42.48509],[0.89326,42.47955],[0.88862,42.47526],[0.88583,42.46678],[0.88244,42.46469],[0.8799,42.4592],[0.87355,42.46132],[0.86641,42.46124],[0.86229,42.45567],[0.8528,42.45411],[0.85715,42.45393],[0.87114,42.44601],[0.87161,42.44379],[0.86998,42.43904],[0.86235,42.4299],[0.85364,42.42504],[0.82907,42.42471],[0.82991,42.4232],[0.82781,42.41824],[0.82465,42.41802],[0.8223,42.41553],[0.83431,42.40354],[0.82241,42.3915],[0.82353,42.3918],[0.83309,42.37981],[0.83638,42.38132],[0.83653,42.37539],[0.83861,42.37359],[0.84236,42.37349],[0.84721,42.3684],[0.85427,42.36868],[0.86209,42.36705],[0.86807,42.36084],[0.8656,42.35843],[0.86598,42.35677],[0.86777,42.35617],[0.87063,42.35117],[0.87002,42.34772],[0.87282,42.34608],[0.87282,42.3414],[0.87814,42.34147],[0.89169,42.33503],[0.89191,42.33098],[0.88862,42.32702],[0.88837,42.32205],[0.88647,42.31956],[0.88778,42.31653],[0.88656,42.31327],[0.88656,42.30509],[0.8829,42.30456],[0.88011,42.30063],[0.87387,42.29875],[0.87034,42.30161],[0.86538,42.30255],[0.86352,42.30534],[0.85693,42.30673],[0.85737,42.30886],[0.85624,42.30992],[0.84688,42.31437],[0.83551,42.31379],[0.82244,42.31573],[0.81876,42.31442],[0.8147,42.31492],[0.79985,42.32039],[0.79153,42.32746],[0.77109,42.33307],[0.77585,42.3409],[0.76752,42.34376],[0.76219,42.34827],[0.75329,42.34632],[0.75313,42.3445],[0.74737,42.3424],[0.74599,42.33951],[0.74144,42.33583],[0.74106,42.3328],[0.74374,42.32939],[0.74418,42.32653],[0.75031,42.32697],[0.75402,42.32498],[0.75449,42.32642],[0.75758,42.32648],[0.76567,42.32282],[0.76013,42.32046],[0.75892,42.31718],[0.75467,42.31391],[0.75612,42.30935],[0.74439,42.30124],[0.74275,42.28945],[0.74369,42.28565],[0.74133,42.28403],[0.73955,42.28432],[0.7378,42.28231],[0.73991,42.27949],[0.73853,42.27608],[0.73975,42.27037],[0.73723,42.26541],[0.73761,42.2608],[0.73609,42.25887],[0.73661,42.25667],[0.73386,42.24935],[0.72469,42.24235],[0.72497,42.23567],[0.7224,42.23159],[0.71453,42.22414],[0.7141,42.22161],[0.71671,42.21997],[0.71721,42.21793],[0.71307,42.21519],[0.71397,42.20957],[0.7075,42.20395],[0.7095,42.19849],[0.70618,42.19294],[0.70678,42.19043],[0.70323,42.1908],[0.70185,42.18867],[0.70348,42.18545],[0.70085,42.18246],[0.70129,42.17672],[0.69784,42.17167],[0.70059,42.16914],[0.7089,42.1667],[0.71396,42.16308],[0.70349,42.15799],[0.69564,42.15149],[0.69662,42.14237],[0.69542,42.13793],[0.6967,42.13555],[0.69673,42.12855],[0.70218,42.12148],[0.70225,42.11673],[0.69891,42.10989],[0.6997,42.10536],[0.69452,42.10091],[0.69628,42.099],[0.68863,42.09551],[0.68503,42.09242],[0.68281,42.0881],[0.68361,42.08376],[0.68028,42.07601],[0.68167,42.07531],[0.68255,42.07067],[0.68752,42.06433],[0.69067,42.06305],[0.6923,42.05983],[0.70365,42.05681],[0.71162,42.05247],[0.72305,42.05235],[0.72341,42.05123],[0.72589,42.05082],[0.73803,42.05302],[0.74294,42.05258],[0.7467,42.04914],[0.74614,42.04636],[0.76405,42.0397],[0.77639,42.04134],[0.78938,42.04007],[0.79889,42.04273],[0.80422,42.04032],[0.83097,42.04101],[0.84683,42.03772],[0.84958,42.03613],[0.86409,42.03576],[0.87357,42.03686],[0.88839,42.04321],[0.88777,42.0406],[0.88991,42.03638],[0.89704,42.03396],[0.89875,42.03476],[0.91344,42.02567],[0.9161,42.02564],[0.91637,42.02364],[0.91737,42.02413],[0.92036,42.02203],[0.93944,42.02193],[0.94899,42.02413],[0.95302,42.02117],[0.96541,42.01975],[0.98442,42.02181],[0.99734,42.02082],[1.00737,42.02271],[1.00936,42.02094],[1.02165,42.03392],[1.02805,42.03095],[1.03571,42.03166],[1.04521,42.03439],[1.05698,42.03441],[1.06929,42.03637],[1.07297,42.0236],[1.07543,42.00589],[1.08293,42.00792],[1.08959,42.01798],[1.08784,42.01872],[1.08965,42.01963],[1.09097,42.02629],[1.09235,42.02672],[1.09039,42.03367],[1.08468,42.03674],[1.07703,42.04562],[1.07869,42.0499],[1.08258,42.05087],[1.09435,42.05812],[1.09821,42.06274],[1.09888,42.06716],[1.10071,42.06736],[1.09914,42.07155],[1.10195,42.07616],[1.11143,42.08709],[1.11973,42.08932],[1.12371,42.09808],[1.13032,42.10442],[1.13258,42.10925],[1.13554,42.11125],[1.13706,42.11653],[1.14038,42.11978],[1.14215,42.11799],[1.14435,42.11812],[1.14616,42.11533],[1.14822,42.11841],[1.15171,42.11592],[1.15413,42.11679],[1.15499,42.11873],[1.15578,42.11807],[1.15813,42.12526],[1.15574,42.13562],[1.15635,42.13741],[1.16153,42.14099],[1.16265,42.14553],[1.16056,42.15103],[1.16463,42.1528],[1.16696,42.15245],[1.16797,42.15373],[1.1736,42.15311],[1.17597,42.15838],[1.18206,42.16235],[1.18176,42.16768],[1.18647,42.17108],[1.18521,42.17482],[1.18653,42.17575],[1.18162,42.18148],[1.17573,42.18259],[1.16649,42.18937],[1.16049,42.19013],[1.16296,42.19616],[1.16841,42.20141],[1.16743,42.20816],[1.16822,42.21541],[1.16496,42.21912],[1.15624,42.21913],[1.15384,42.22027],[1.15344,42.22356],[1.14823,42.22609],[1.14358,42.22664],[1.14192,42.22801],[1.14286,42.22935],[1.14017,42.23219],[1.13917,42.23669],[1.14006,42.23816],[1.14486,42.24001],[1.14818,42.23987],[1.15837,42.24649],[1.15505,42.25429],[1.15108,42.25767],[1.14983,42.26176],[1.14845,42.25982],[1.14225,42.25982],[1.13155,42.26254],[1.12505,42.2659],[1.12283,42.26925],[1.1163,42.27301],[1.11791,42.26828],[1.11156,42.27098],[1.10719,42.27007],[1.10557,42.27147],[1.09324,42.27406],[1.09153,42.2758],[1.08563,42.27738],[1.07441,42.27506],[1.06961,42.27702],[1.06489,42.27593],[1.05384,42.28144],[1.04866,42.28182],[1.04438,42.28047],[1.03807,42.28119],[1.03799,42.28532],[1.02659,42.28877],[1.02479,42.28494],[1.01033,42.29189],[1.00241,42.29171],[0.99731,42.29335],[0.99404,42.29662],[0.97728,42.29708],[0.97443,42.29822],[0.97457,42.31273],[0.97355,42.31367],[0.96728,42.3116],[0.96399,42.31761],[0.96367,42.32225],[0.95488,42.32562],[0.95231,42.32784],[0.95378,42.32918],[0.95373,42.33366],[0.95736,42.33713],[0.95761,42.33893],[0.96666,42.33994],[0.97672,42.33846],[0.98184,42.34476],[0.99186,42.34771],[0.99491,42.35575],[0.99414,42.36248],[0.998,42.36378],[0.99813,42.37319],[1.00158,42.37942],[1.00549,42.38213],[1.00567,42.38967],[1.01116,42.39348],[1.01558,42.39389],[1.01985,42.39729],[1.02634,42.40698],[1.02569,42.41183],[1.04367,42.41763],[1.03743,42.42527],[1.03306,42.42349],[1.02865,42.42522],[1.01672,42.43757],[1.01725,42.44528],[1.02165,42.45733],[1.01781,42.46459],[1.01722,42.46957],[1.01867,42.47836],[1.02331,42.48228],[1.02523,42.48611],[1.02444,42.49013],[1.02548,42.49182],[1.02288,42.49684],[1.02681,42.50191],[1.03112,42.50312],[1.0299,42.50444],[1.03012,42.50775],[1.0232,42.51373],[1.02317,42.51646],[1.02691,42.52028],[1.02716,42.52448],[1.02191,42.52645],[1.01892,42.53507],[1.01381,42.53783],[1.01246,42.53997],[1.00647,42.53803],[0.9991,42.53796],[0.9952,42.54194],[0.99018,42.5507],[0.99017,42.55276],[0.98728,42.55391],[0.98009,42.55285]]]]}},{"type":"Feature","id":"26","properties":{"code":"26","name":"Pallars Sobirà","areaKm2":1376.67},"geometry":{"type":"MultiPolygon","coordinates":[[[[1.0778,42.78832],[1.07344,42.78258],[1.05942,42.78352],[1.05845,42.78202],[1.05354,42.78262],[1.04794,42.78096],[1.04379,42.7811],[1.04264,42.78237],[1.04372,42.78507],[1.03724,42.78695],[1.03062,42.77558],[1.03151,42.77277],[1.02822,42.77146],[1.02688,42.76769],[1.02971,42.76439],[1.02796,42.76016],[1.02904,42.75724],[1.03007,42.75773],[1.03294,42.75552],[1.03046,42.75213],[1.02717,42.74319],[1.02985,42.73392],[1.0262,42.72931],[1.0223,42.7269],[1.02726,42.71485],[1.02792,42.70976],[1.01217,42.70896],[1.00525,42.71341],[0.99333,42.70062],[0.98071,42.69883],[0.97657,42.69202],[0.97798,42.6894],[0.98191,42.68761],[0.98659,42.68282],[0.98359,42.67979],[0.98289,42.67727],[0.98032,42.6767],[0.97082,42.64118],[0.96353,42.6316],[0.96051,42.63116],[0.96171,42.62977],[0.9605,42.62829],[0.962,42.62535],[0.95889,42.62258],[0.96302,42.61507],[0.96677,42.61593],[0.96915,42.61489],[0.96833,42.61265],[0.96939,42.60879],[0.96603,42.60375],[0.95414,42.60283],[0.95332,42.60117],[0.95414,42.59692],[0.95265,42.59373],[0.94666,42.59193],[0.94371,42.58929],[0.93798,42.58944],[0.93704,42.58826],[0.94139,42.58202],[0.94481,42.58002],[0.95855,42.57958],[0.96927,42.5741],[0.97273,42.55175],[0.979,42.55477],[0.9802,42.55282],[0.98728,42.55391],[0.99017,42.55276],[0.99026,42.55056],[0.99711,42.53939],[0.9991,42.53796],[1.00496,42.53789],[1.01246,42.53997],[1.01381,42.53783],[1.01892,42.53507],[1.02191,42.52645],[1.02716,42.52448],[1.02691,42.52028],[1.02317,42.51646],[1.0232,42.51373],[1.03012,42.50775],[1.0299,42.50444],[1.03112,42.50312],[1.02681,42.50191],[1.02288,42.49684],[1.02548,42.49182],[1.02444,42.49013],[1.02523,42.48611],[1.02331,42.48228],[1.01867,42.47836],[1.01722,42.46957],[1.01781,42.46459],[1.02165,42.45733],[1.01725,42.44528],[1.01672,42.43757],[1.02865,42.42522],[1.03306,42.42349],[1.03743,42.42527],[1.04367,42.41776],[1.02569,42.41183],[1.02634,42.40698],[1.01985,42.39729],[1.01558,42.39389],[1.01116,42.39348],[1.00567,42.38967],[1.00549,42.38213],[1.00158,42.37942],[0.99813,42.37319],[0.998,42.36378],[0.99414,42.36248],[0.99491,42.35575],[0.99186,42.34771],[0.98184,42.34476],[0.97672,42.33846],[0.96666,42.33994],[0.95761,42.33893],[0.95736,42.33713],[0.95373,42.33366],[0.95378,42.32918],[0.95231,42.32784],[0.95488,42.32562],[0.96367,42.32225],[0.96399,42.31761],[0.96728,42.3116],[0.97355,42.31367],[0.97457,42.31273],[0.97443,42.29822],[0.97728,42.29708],[0.99404,42.29662],[0.99731,42.29335],[1.00241,42.29171],[1.01033,42.29189],[1.02479,42.28494],[1.02659,42.28877],[1.03799,42.28532],[1.03807,42.28119],[1.04438,42.28047],[1.04866,42.28182],[1.05384,42.28144],[1.06489,42.27593],[1.06961,42.27702],[1.07441,42.27506],[1.08563,42.27738],[1.09153,42.2758],[1.09324,42.27406],[1.10557,42.27147],[1.10719,42.27007],[1.11156,42.27098],[1.11791,42.26828],[1.1163,42.27301],[1.12283,42.26925],[1.12505,42.2659],[1.13155,42.26254],[1.14225,42.25982],[1.14845,42.25982],[1.14983,42.26176],[1.15133,42.25905],[1.15348,42.26695],[1.15805,42.27006],[1.15755,42.2784],[1.15379,42.28188],[1.14852,42.28263],[1.14657,42.28546],[1.138,42.29045],[1.12253,42.2956],[1.12911,42.29987],[1.13006,42.30274],[1.1344,42.30737],[1.13883,42.30766],[1.1438,42.30624],[1.15813,42.30716],[1.16585,42.30926],[1.16664,42.31011],[1.16442,42.31163],[1.16394,42.31537],[1.17224,42.32629],[1.17594,42.3278],[1.17191,42.32879],[1.18339,42.3372],[1.18414,42.34254],[1.18833,42.34891],[1.19756,42.35178],[1.20016,42.35123],[1.20936,42.35804],[1.21043,42.3603],[1.21844,42.36254],[1.2296,42.36892],[1.23634,42.3694],[1.23686,42.37343],[1.24521,42.38473],[1.24496,42.39729],[1.24656,42.40053],[1.24587,42.41311],[1.2447,42.41537],[1.25288,42.41916],[1.25888,42.41856],[1.26156,42.41982],[1.25968,42.42833],[1.25744,42.43103],[1.2582,42.43262],[1.25323,42.4388],[1.25185,42.44283],[1.2562,42.45238],[1.26102,42.4482],[1.26614,42.44809],[1.27035,42.4426],[1.27206,42.44272],[1.27211,42.44398],[1.28236,42.44422],[1.28201,42.44552],[1.28706,42.44796],[1.29454,42.44945],[1.30142,42.44885],[1.30789,42.45055],[1.31151,42.44992],[1.31634,42.44517],[1.32073,42.44561],[1.32843,42.45641],[1.33365,42.45988],[1.34029,42.46733],[1.34455,42.47438],[1.34554,42.48127],[1.35432,42.48148],[1.35759,42.48299],[1.36071,42.48703],[1.36115,42.49156],[1.36559,42.49475],[1.36258,42.49829],[1.36406,42.49953],[1.36307,42.50448],[1.36559,42.50996],[1.363,42.51883],[1.37055,42.51825],[1.3752,42.51392],[1.38513,42.51447],[1.38795,42.51795],[1.393,42.52086],[1.39301,42.52482],[1.39446,42.5266],[1.4003,42.52574],[1.40754,42.52745],[1.41044,42.53385],[1.41364,42.53535],[1.4146,42.54036],[1.41935,42.54475],[1.41895,42.54929],[1.42069,42.54987],[1.42409,42.55694],[1.42979,42.56024],[1.44092,42.56398],[1.44495,42.56801],[1.44343,42.57192],[1.43214,42.57535],[1.42648,42.5828],[1.42767,42.58748],[1.43092,42.58803],[1.44054,42.5944],[1.44278,42.59875],[1.44307,42.60258],[1.44219,42.60373],[1.43793,42.60285],[1.43346,42.60681],[1.43218,42.61002],[1.42918,42.61283],[1.43066,42.61744],[1.42816,42.61892],[1.42832,42.62083],[1.42382,42.62207],[1.42043,42.62492],[1.41868,42.63068],[1.41977,42.63231],[1.41617,42.63642],[1.41578,42.639],[1.41742,42.63999],[1.41712,42.64194],[1.41406,42.64496],[1.4137,42.65558],[1.40954,42.65713],[1.40591,42.6567],[1.40322,42.6589],[1.40401,42.66024],[1.40238,42.66102],[1.40132,42.66478],[1.39665,42.66816],[1.38747,42.66862],[1.38957,42.67336],[1.38677,42.67803],[1.38873,42.67974],[1.38756,42.68174],[1.38992,42.68521],[1.38727,42.68916],[1.38091,42.69184],[1.37698,42.69541],[1.37256,42.69477],[1.36945,42.69582],[1.36494,42.69471],[1.3616,42.69781],[1.35392,42.69974],[1.35115,42.70264],[1.35246,42.71129],[1.35781,42.71518],[1.35738,42.7197],[1.34838,42.71997],[1.33803,42.7185],[1.33529,42.72431],[1.33228,42.72477],[1.32536,42.72431],[1.31694,42.71896],[1.30934,42.71762],[1.2949,42.71951],[1.27816,42.71407],[1.2748,42.71876],[1.26824,42.71846],[1.26592,42.71557],[1.25312,42.71447],[1.25032,42.72004],[1.24716,42.72265],[1.24271,42.72299],[1.2407,42.72495],[1.23517,42.72489],[1.23272,42.72739],[1.22924,42.72782],[1.21662,42.72004],[1.20998,42.72097],[1.20589,42.72054],[1.20154,42.71774],[1.18904,42.71741],[1.18773,42.71585],[1.17827,42.71303],[1.17484,42.70858],[1.17047,42.70793],[1.16604,42.70894],[1.15207,42.71703],[1.14938,42.72102],[1.14246,42.72309],[1.13328,42.7282],[1.13283,42.73159],[1.13512,42.73568],[1.13412,42.73766],[1.13056,42.73946],[1.13129,42.74271],[1.12984,42.7452],[1.13281,42.75035],[1.12993,42.75229],[1.12815,42.75563],[1.12181,42.75959],[1.11933,42.76344],[1.10933,42.76569],[1.10837,42.77194],[1.09505,42.77457],[1.08739,42.77838],[1.087,42.78027],[1.08321,42.78287],[1.08295,42.78541],[1.0778,42.78832]]]]}},{"type":"Feature","id":"27","properties":{"code":"27","name":"Pla d'Urgell","areaKm2":305},"geometry":{"type":"MultiPolygon","coordinates":[[[[1.10014,41.70273],[1.0991,41.70522],[1.08225,41.70045],[1.07866,41.7021],[1.05522,41.68279],[1.05826,41.68121],[1.07736,41.68679],[1.10014,41.70273]]],[[[0.86696,41.74106],[0.86335,41.74055],[0.85306,41.72694],[0.85282,41.72559],[0.86569,41.72431],[0.86353,41.72301],[0.85687,41.71118],[0.84975,41.71068],[0.84205,41.70795],[0.84094,41.70803],[0.84069,41.71148],[0.83887,41.71275],[0.81982,41.71196],[0.81203,41.71325],[0.80955,41.70007],[0.80537,41.70207],[0.79501,41.70347],[0.79182,41.70153],[0.78338,41.69955],[0.777,41.69964],[0.77424,41.69709],[0.77646,41.68807],[0.76366,41.68562],[0.76599,41.6795],[0.76604,41.6775],[0.76465,41.6769],[0.76424,41.66522],[0.75217,41.66218],[0.73745,41.66166],[0.7369,41.64884],[0.73245,41.646],[0.72858,41.64052],[0.72887,41.63359],[0.73204,41.63159],[0.73692,41.63217],[0.74872,41.62919],[0.75161,41.61923],[0.75307,41.61798],[0.75293,41.61566],[0.75584,41.61495],[0.75463,41.60838],[0.75776,41.59925],[0.76009,41.5975],[0.75954,41.59114],[0.76139,41.58781],[0.7446,41.58851],[0.74155,41.58268],[0.73874,41.58363],[0.73528,41.5792],[0.73245,41.57071],[0.73236,41.56676],[0.74056,41.56562],[0.74325,41.56347],[0.74372,41.56119],[0.76475,41.55708],[0.76478,41.55066],[0.7757,41.5493],[0.77754,41.5502],[0.7785,41.55773],[0.77566,41.56266],[0.77941,41.5675],[0.78897,41.56311],[0.79149,41.56843],[0.79722,41.57059],[0.80676,41.57162],[0.80698,41.57051],[0.80897,41.57025],[0.82364,41.57017],[0.82873,41.56544],[0.82956,41.56822],[0.82844,41.56859],[0.83047,41.57093],[0.83611,41.56866],[0.83383,41.56632],[0.83812,41.56455],[0.85281,41.57168],[0.85105,41.57436],[0.85826,41.57385],[0.87216,41.58349],[0.87768,41.58588],[0.88232,41.58383],[0.88198,41.58165],[0.88352,41.57924],[0.88885,41.57436],[0.89926,41.58122],[0.9177,41.5892],[0.93874,41.58399],[0.95266,41.58423],[0.9644,41.57936],[0.97581,41.59154],[0.97409,41.59428],[0.97422,41.59695],[0.97822,41.5995],[0.97554,41.60147],[0.97251,41.60673],[0.97696,41.6123],[0.96982,41.61488],[0.97376,41.62004],[0.96704,41.62205],[0.96919,41.62949],[0.97411,41.62978],[0.9763,41.63534],[0.98295,41.63537],[0.98491,41.63704],[0.9869,41.64021],[0.98458,41.64135],[0.99088,41.65094],[1.001,41.65109],[1.00213,41.65758],[1.00552,41.66766],[1.00697,41.66902],[0.99997,41.67095],[1.00335,41.67615],[1.00625,41.67805],[1.0171,41.67632],[1.02573,41.67039],[1.02719,41.67404],[1.02499,41.67489],[1.02618,41.67694],[1.02793,41.67613],[1.02911,41.67734],[1.02731,41.67771],[1.02842,41.68018],[1.0371,41.67893],[1.04163,41.68747],[1.01976,41.69593],[1.01462,41.6945],[1.00966,41.68853],[0.99768,41.69119],[1.02816,41.71112],[1.02641,41.71176],[1.02274,41.7125],[1.01577,41.70581],[0.99982,41.70051],[0.9984,41.69813],[0.99114,41.6994],[0.98765,41.70148],[0.9885,41.70226],[0.98171,41.70331],[0.97421,41.70635],[0.97061,41.70356],[0.95954,41.70518],[0.94747,41.70143],[0.93893,41.70107],[0.93581,41.70271],[0.93501,41.70758],[0.92778,41.70644],[0.91559,41.71931],[0.91338,41.73766],[0.89425,41.73778],[0.89309,41.74064],[0.88093,41.73921],[0.86696,41.74106]],[[0.81675,41.61456],[0.80725,41.60196],[0.80648,41.59602],[0.80384,41.59015],[0.79621,41.58915],[0.77924,41.57984],[0.77075,41.58706],[0.76703,41.58752],[0.76888,41.5886],[0.77334,41.59685],[0.78023,41.60338],[0.78258,41.60926],[0.81675,41.61456]]]]}},{"type":"Feature","id":"28","properties":{"code":"28","name":"Pla de l'Estany","areaKm2":263.12},"geometry":{"type":"MultiPolygon","coordinates":[[[[2.78415,42.20619],[2.77918,42.21231],[2.77031,42.20606],[2.76884,42.20633],[2.76567,42.20098],[2.76793,42.19474],[2.76758,42.19255],[2.76961,42.19219],[2.77078,42.18967],[2.76423,42.18674],[2.75619,42.18574],[2.74088,42.18093],[2.73518,42.18169],[2.72402,42.18648],[2.71065,42.17493],[2.69349,42.17367],[2.68445,42.17082],[2.67553,42.17154],[2.68449,42.17426],[2.68224,42.17631],[2.67867,42.17422],[2.67608,42.17649],[2.67448,42.17402],[2.67238,42.17592],[2.66675,42.17636],[2.66722,42.1722],[2.66529,42.1676],[2.6686,42.15885],[2.65822,42.15556],[2.65844,42.14833],[2.65706,42.14336],[2.66053,42.14185],[2.65987,42.1395],[2.65422,42.13611],[2.66438,42.13197],[2.6659,42.1236],[2.65742,42.1185],[2.65759,42.11211],[2.65359,42.11089],[2.65201,42.10491],[2.65301,42.10286],[2.646,42.09661],[2.64546,42.09393],[2.63806,42.08998],[2.63634,42.08757],[2.64275,42.0876],[2.64939,42.08477],[2.66408,42.08632],[2.66762,42.0849],[2.67024,42.08585],[2.67861,42.08455],[2.68091,42.08264],[2.68762,42.08633],[2.69161,42.09288],[2.71633,42.09208],[2.72076,42.08973],[2.72335,42.08659],[2.73213,42.08602],[2.72925,42.07931],[2.74284,42.07477],[2.74918,42.07437],[2.75802,42.0717],[2.76769,42.05862],[2.7667,42.05695],[2.77894,42.05746],[2.78146,42.054],[2.77784,42.04992],[2.77988,42.04426],[2.785,42.04127],[2.78714,42.03737],[2.79065,42.03716],[2.79936,42.03167],[2.8021,42.03168],[2.80164,42.03619],[2.80399,42.0398],[2.80788,42.03749],[2.81176,42.03706],[2.83636,42.04066],[2.8323,42.04915],[2.82918,42.04975],[2.83354,42.0522],[2.83012,42.05489],[2.84357,42.05399],[2.84593,42.05577],[2.84818,42.05575],[2.84615,42.05909],[2.84985,42.06044],[2.8479,42.06121],[2.84739,42.06308],[2.85123,42.06372],[2.85321,42.06759],[2.8587,42.06915],[2.85699,42.07355],[2.85689,42.07823],[2.85834,42.07845],[2.86026,42.07496],[2.8639,42.07569],[2.86441,42.07366],[2.86847,42.07493],[2.87219,42.06942],[2.87262,42.06634],[2.87524,42.06624],[2.88165,42.07176],[2.88411,42.07065],[2.88246,42.06857],[2.88254,42.0661],[2.88784,42.06686],[2.88839,42.07132],[2.89327,42.07093],[2.89451,42.07406],[2.89324,42.0776],[2.89497,42.07808],[2.89508,42.08237],[2.89405,42.0827],[2.89528,42.08741],[2.89652,42.08751],[2.89369,42.09349],[2.9003,42.10309],[2.9031,42.10519],[2.90428,42.11062],[2.8985,42.12102],[2.89935,42.12966],[2.89841,42.13197],[2.90103,42.13403],[2.90139,42.13762],[2.89391,42.14848],[2.88846,42.14995],[2.88835,42.15404],[2.89156,42.15506],[2.89842,42.16222],[2.89431,42.17174],[2.89383,42.17681],[2.89211,42.17878],[2.88901,42.17927],[2.88384,42.18248],[2.87611,42.1835],[2.87914,42.19068],[2.87897,42.19548],[2.87073,42.19662],[2.86841,42.19933],[2.86399,42.20102],[2.8616,42.19881],[2.8592,42.19031],[2.85165,42.18216],[2.84968,42.18218],[2.84915,42.1803],[2.84143,42.1812],[2.8333,42.17919],[2.82788,42.18302],[2.83352,42.18925],[2.83408,42.19829],[2.83283,42.20052],[2.83505,42.20196],[2.83337,42.20222],[2.831,42.19922],[2.82834,42.19991],[2.82842,42.20161],[2.8256,42.20226],[2.82222,42.20053],[2.82293,42.19915],[2.82111,42.19923],[2.82106,42.19822],[2.81667,42.19999],[2.8133,42.19882],[2.81148,42.2008],[2.8064,42.20208],[2.79856,42.19867],[2.78622,42.19878],[2.78276,42.20135],[2.78472,42.20347],[2.78415,42.20619]]]]}},{"type":"Feature","id":"29","properties":{"code":"29","name":"Priorat","areaKm2":497.39},"geometry":{"type":"MultiPolygon","coordinates":[[[[0.8547,41.34845],[0.84716,41.35473],[0.845,41.3623],[0.84006,41.36181],[0.82913,41.35725],[0.83033,41.35323],[0.82694,41.35067],[0.8276,41.34747],[0.82597,41.34554],[0.82616,41.34126],[0.8249,41.33904],[0.82248,41.33825],[0.82225,41.33474],[0.81965,41.33342],[0.82093,41.33219],[0.81915,41.3283],[0.81443,41.32682],[0.8126,41.32708],[0.81256,41.32889],[0.80881,41.32824],[0.80239,41.33041],[0.79649,41.32839],[0.79072,41.33192],[0.77976,41.33202],[0.77391,41.33448],[0.76726,41.33372],[0.76257,41.33457],[0.75877,41.33103],[0.75742,41.33138],[0.75409,41.32894],[0.75437,41.32646],[0.75051,41.32454],[0.75206,41.31596],[0.75393,41.31487],[0.75204,41.31428],[0.7504,41.31154],[0.7423,41.31113],[0.73923,41.3086],[0.72885,41.30954],[0.72671,41.30784],[0.72176,41.30741],[0.71857,41.30327],[0.71367,41.30249],[0.71343,41.29655],[0.70926,41.29438],[0.70838,41.28952],[0.70318,41.28386],[0.69592,41.28166],[0.69568,41.28001],[0.69843,41.27742],[0.69681,41.27534],[0.69991,41.27294],[0.69968,41.27046],[0.70222,41.26575],[0.70055,41.26307],[0.70123,41.26025],[0.69432,41.25696],[0.69196,41.25145],[0.69255,41.24875],[0.68565,41.24582],[0.68474,41.24338],[0.68675,41.2393],[0.68593,41.23661],[0.68866,41.23423],[0.68822,41.23179],[0.68583,41.22975],[0.68693,41.22837],[0.68574,41.22472],[0.69103,41.2217],[0.69432,41.22228],[0.70007,41.21759],[0.70477,41.2161],[0.6952,41.207],[0.68789,41.2033],[0.68787,41.20065],[0.68169,41.20084],[0.67627,41.1958],[0.67136,41.19378],[0.66982,41.19091],[0.65973,41.1884],[0.65857,41.18548],[0.67746,41.17144],[0.67665,41.16371],[0.68342,41.15358],[0.68873,41.15069],[0.68875,41.14907],[0.69278,41.14362],[0.69539,41.1421],[0.69774,41.13769],[0.69747,41.13423],[0.69327,41.13404],[0.69259,41.13268],[0.69252,41.1317],[0.69421,41.13144],[0.69363,41.12853],[0.69629,41.12959],[0.69627,41.12859],[0.69819,41.12837],[0.69826,41.12691],[0.70166,41.12655],[0.6998,41.12579],[0.70001,41.12447],[0.70253,41.12493],[0.7057,41.12351],[0.70879,41.12085],[0.70668,41.11964],[0.71218,41.11778],[0.71282,41.117],[0.71104,41.11533],[0.71734,41.10933],[0.71238,41.10521],[0.71955,41.1029],[0.73268,41.10324],[0.73805,41.0971],[0.7394,41.09742],[0.74868,41.09136],[0.75081,41.08857],[0.75128,41.08494],[0.75253,41.0858],[0.75667,41.08461],[0.76169,41.08519],[0.76503,41.08973],[0.76506,41.09344],[0.76677,41.09432],[0.76751,41.09135],[0.77042,41.08849],[0.76942,41.08378],[0.78709,41.07848],[0.78704,41.07679],[0.79224,41.07114],[0.80297,41.06934],[0.80296,41.06746],[0.80506,41.06657],[0.81544,41.06674],[0.81648,41.0722],[0.81939,41.07066],[0.82047,41.07478],[0.82371,41.07689],[0.82429,41.08121],[0.82312,41.08114],[0.82264,41.08338],[0.82425,41.08682],[0.82245,41.08744],[0.82054,41.08616],[0.81961,41.08832],[0.82656,41.09826],[0.83398,41.09706],[0.8429,41.09982],[0.83865,41.10625],[0.83909,41.1078],[0.83672,41.11369],[0.83386,41.11547],[0.83053,41.11435],[0.83005,41.11681],[0.8266,41.11972],[0.83234,41.12227],[0.83496,41.11926],[0.85174,41.11262],[0.85342,41.10997],[0.85805,41.11128],[0.8644,41.11057],[0.86579,41.11237],[0.87031,41.11104],[0.8717,41.11233],[0.87516,41.1119],[0.87771,41.1107],[0.88497,41.11747],[0.88985,41.13253],[0.88869,41.1358],[0.89132,41.13909],[0.89096,41.14139],[0.89584,41.14578],[0.89662,41.14963],[0.90613,41.16499],[0.9057,41.16701],[0.90188,41.17037],[0.90165,41.17455],[0.90676,41.17922],[0.90342,41.18054],[0.89938,41.17957],[0.89062,41.18036],[0.88509,41.18261],[0.8794,41.18288],[0.87699,41.1876],[0.87913,41.19009],[0.87839,41.19137],[0.88031,41.19445],[0.9075,41.19453],[0.916,41.19724],[0.91826,41.20053],[0.92259,41.20291],[0.92104,41.20524],[0.92107,41.2133],[0.91341,41.22542],[0.90977,41.23786],[0.9191,41.24079],[0.92037,41.24217],[0.93475,41.24235],[0.94044,41.2451],[0.94279,41.24472],[0.9485,41.24826],[0.94942,41.25031],[0.95258,41.25091],[0.96,41.25664],[0.96773,41.25935],[0.97096,41.26284],[0.9747,41.25955],[0.97603,41.26139],[0.97617,41.26432],[0.97137,41.26827],[0.97136,41.27142],[0.96916,41.27551],[0.97156,41.28484],[0.97145,41.29042],[0.97374,41.29261],[0.9731,41.29454],[0.96028,41.29947],[0.94491,41.28975],[0.93948,41.29658],[0.94375,41.30477],[0.93547,41.32045],[0.90636,41.32774],[0.90636,41.33332],[0.90926,41.33801],[0.90805,41.34125],[0.90895,41.34308],[0.90493,41.34757],[0.90147,41.34746],[0.90064,41.34554],[0.89711,41.34557],[0.88461,41.34128],[0.87813,41.3414],[0.86327,41.33811],[0.8547,41.34845]]]]}},{"type":"Feature","id":"30","properties":{"code":"30","name":"Ribera d'Ebre","areaKm2":826.36},"geometry":{"type":"MultiPolygon","coordinates":[[[[0.46931,41.33087],[0.46162,41.33507],[0.45579,41.32978],[0.45125,41.32962],[0.44132,41.32556],[0.43462,41.3203],[0.43225,41.31166],[0.43592,41.29723],[0.43342,41.28773],[0.43245,41.27588],[0.42313,41.2742],[0.38569,41.27855],[0.38368,41.27672],[0.37957,41.27069],[0.37677,41.26107],[0.37844,41.25648],[0.37806,41.25279],[0.37353,41.2486],[0.37461,41.24643],[0.37391,41.24502],[0.37827,41.24157],[0.37875,41.2376],[0.38167,41.23733],[0.38183,41.23517],[0.3742,41.23279],[0.3717,41.23002],[0.37112,41.22807],[0.37305,41.22598],[0.37316,41.22253],[0.37165,41.21966],[0.37178,41.21649],[0.36712,41.21248],[0.36689,41.20666],[0.37795,41.21212],[0.39019,41.21291],[0.38867,41.21346],[0.40222,41.21636],[0.40321,41.21858],[0.41338,41.22018],[0.42075,41.22421],[0.42215,41.22669],[0.43044,41.22867],[0.43576,41.2266],[0.43837,41.2238],[0.44587,41.22191],[0.44792,41.21888],[0.45145,41.21764],[0.45309,41.21525],[0.45725,41.21419],[0.45849,41.21221],[0.45642,41.2106],[0.45639,41.20862],[0.45875,41.20669],[0.45798,41.2053],[0.4589,41.2047],[0.46542,41.20467],[0.46975,41.20315],[0.47951,41.20349],[0.48457,41.201],[0.48637,41.19806],[0.49544,41.19646],[0.49652,41.19386],[0.49574,41.19074],[0.49811,41.18302],[0.50035,41.17911],[0.50066,41.17481],[0.50249,41.1734],[0.49772,41.16825],[0.50081,41.1643],[0.49986,41.15915],[0.50188,41.1575],[0.49866,41.15498],[0.49546,41.15516],[0.49386,41.15125],[0.49436,41.14886],[0.488,41.14518],[0.48823,41.14203],[0.49352,41.13635],[0.50329,41.13616],[0.50683,41.13471],[0.51636,41.13388],[0.52384,41.13026],[0.52783,41.12526],[0.53571,41.12377],[0.5424,41.12052],[0.55151,41.11954],[0.55354,41.11747],[0.55029,41.11436],[0.55034,41.11231],[0.54819,41.11],[0.54211,41.10699],[0.542,41.10479],[0.5363,41.09793],[0.53574,41.09362],[0.52291,41.08149],[0.52082,41.07884],[0.52069,41.07561],[0.51734,41.07259],[0.51298,41.07132],[0.5122,41.06951],[0.51046,41.07002],[0.5037,41.06771],[0.49981,41.06323],[0.50226,41.05991],[0.50791,41.06141],[0.52708,41.06278],[0.52787,41.06196],[0.52686,41.05771],[0.52801,41.0555],[0.53507,41.05318],[0.53632,41.05141],[0.54448,41.05072],[0.54565,41.04728],[0.54804,41.04613],[0.54637,41.04243],[0.54816,41.04006],[0.54803,41.03745],[0.55116,41.03512],[0.55761,41.03477],[0.55648,41.03121],[0.55813,41.02789],[0.56307,41.02729],[0.56721,41.0248],[0.56787,41.0201],[0.57032,41.01939],[0.57015,41.01838],[0.55913,41.01486],[0.56315,41.00705],[0.56611,41.00655],[0.57346,41.00036],[0.56895,40.99853],[0.57628,40.99567],[0.57279,40.99169],[0.56551,40.98936],[0.56618,40.98523],[0.56506,40.98472],[0.57345,40.98014],[0.57485,40.97688],[0.58366,40.97549],[0.58172,40.97054],[0.57813,40.96878],[0.57828,40.9678],[0.58427,40.96384],[0.58254,40.96119],[0.58307,40.95794],[0.5882,40.9566],[0.59295,40.95056],[0.58899,40.94696],[0.58719,40.94076],[0.59954,40.94037],[0.60079,40.9354],[0.60453,40.93476],[0.60474,40.93328],[0.61158,40.9302],[0.61567,40.93234],[0.64897,40.93997],[0.65505,40.94356],[0.66286,40.94488],[0.66663,40.94365],[0.67223,40.94606],[0.67925,40.94485],[0.68237,40.94041],[0.68654,40.94116],[0.69011,40.94374],[0.69319,40.94264],[0.69863,40.94417],[0.73951,40.939],[0.75022,40.93239],[0.76123,40.93321],[0.78947,40.93875],[0.80266,40.93867],[0.81561,40.94022],[0.8218,40.94272],[0.81015,40.94747],[0.80343,40.95298],[0.79808,40.96643],[0.79868,40.96859],[0.79266,40.97262],[0.78622,40.98191],[0.78175,40.99157],[0.77986,40.99228],[0.77591,40.99067],[0.7769,40.9944],[0.77467,40.99715],[0.77864,41.00005],[0.77921,41.00418],[0.77819,41.00663],[0.78379,41.01233],[0.78197,41.0138],[0.78546,41.01632],[0.78333,41.01758],[0.78226,41.02237],[0.7859,41.02526],[0.7805,41.02907],[0.78502,41.03165],[0.78658,41.03443],[0.79026,41.0355],[0.791,41.03753],[0.79594,41.03912],[0.79866,41.04205],[0.7988,41.04437],[0.80109,41.04558],[0.80008,41.04747],[0.80077,41.04837],[0.80241,41.04766],[0.80601,41.05487],[0.81062,41.05666],[0.81264,41.05991],[0.8148,41.05989],[0.81511,41.0621],[0.81861,41.06211],[0.8242,41.05913],[0.82509,41.05708],[0.83546,41.05263],[0.83706,41.05396],[0.84428,41.05318],[0.84444,41.05564],[0.8525,41.05644],[0.85322,41.05891],[0.85748,41.06164],[0.8573,41.0668],[0.85524,41.06911],[0.85604,41.07066],[0.85416,41.07123],[0.85422,41.07253],[0.85645,41.07384],[0.8547,41.07417],[0.85498,41.07532],[0.85224,41.0779],[0.85718,41.08025],[0.85824,41.08418],[0.8636,41.08663],[0.86394,41.084],[0.8693,41.0847],[0.86895,41.08154],[0.86557,41.07822],[0.8679,41.07606],[0.86768,41.07311],[0.87025,41.07347],[0.87244,41.0761],[0.87046,41.07871],[0.87318,41.08383],[0.86893,41.08626],[0.86803,41.08868],[0.86429,41.0897],[0.86347,41.09207],[0.86123,41.09357],[0.85039,41.09429],[0.84381,41.09955],[0.83867,41.09918],[0.83398,41.09706],[0.82702,41.09849],[0.81961,41.08832],[0.82054,41.08616],[0.82245,41.08744],[0.82425,41.08682],[0.82264,41.08338],[0.82312,41.08114],[0.82429,41.08121],[0.82371,41.07689],[0.82047,41.07478],[0.81939,41.07066],[0.81648,41.0722],[0.81544,41.06674],[0.80506,41.06657],[0.80296,41.06746],[0.80297,41.06934],[0.79224,41.07114],[0.78704,41.07679],[0.78709,41.07848],[0.76942,41.08378],[0.77042,41.08849],[0.76751,41.09135],[0.76677,41.09432],[0.76506,41.09344],[0.76503,41.08973],[0.76169,41.08519],[0.75667,41.08461],[0.75253,41.0858],[0.75128,41.08494],[0.75081,41.08857],[0.74868,41.09136],[0.7394,41.09742],[0.73805,41.0971],[0.73268,41.10324],[0.71955,41.1029],[0.71238,41.10521],[0.71734,41.10933],[0.71104,41.11533],[0.71282,41.117],[0.71218,41.11778],[0.70668,41.11964],[0.70879,41.12085],[0.7057,41.12351],[0.70253,41.12493],[0.70001,41.12447],[0.6998,41.12579],[0.70166,41.12655],[0.69826,41.12691],[0.69819,41.12837],[0.69627,41.12859],[0.69629,41.12959],[0.69363,41.12853],[0.69421,41.13144],[0.69252,41.1317],[0.69259,41.13268],[0.69327,41.13404],[0.69747,41.13423],[0.69774,41.13769],[0.69539,41.1421],[0.69278,41.14362],[0.68875,41.14907],[0.68873,41.15069],[0.68342,41.15358],[0.67665,41.16371],[0.67746,41.17144],[0.65857,41.18548],[0.65973,41.1884],[0.66982,41.19091],[0.67136,41.19378],[0.67627,41.1958],[0.68169,41.20084],[0.68787,41.20065],[0.68789,41.2033],[0.6952,41.207],[0.70477,41.2161],[0.70007,41.21759],[0.69432,41.22228],[0.69103,41.2217],[0.68567,41.22486],[0.68693,41.22837],[0.68583,41.22975],[0.68822,41.23179],[0.68866,41.23423],[0.6859,41.2367],[0.68675,41.2393],[0.68474,41.24331],[0.68517,41.24539],[0.69247,41.24866],[0.69196,41.25145],[0.69424,41.25686],[0.70145,41.26117],[0.70053,41.26291],[0.70222,41.26575],[0.69968,41.27046],[0.69991,41.27294],[0.69681,41.27534],[0.69843,41.27742],[0.69568,41.28001],[0.69592,41.28166],[0.70318,41.28386],[0.70838,41.28952],[0.70926,41.29438],[0.71343,41.29655],[0.71384,41.30261],[0.71857,41.30327],[0.72176,41.30741],[0.72671,41.30784],[0.72885,41.30954],[0.73923,41.3086],[0.7423,41.31113],[0.7504,41.31154],[0.75204,41.31428],[0.75393,41.31487],[0.75211,41.31583],[0.75199,41.31773],[0.74658,41.31681],[0.74019,41.31789],[0.72394,41.31326],[0.72008,41.31414],[0.71676,41.31326],[0.71284,41.31463],[0.71139,41.31306],[0.70861,41.31359],[0.70659,41.31231],[0.70048,41.31343],[0.69791,41.31219],[0.69474,41.31406],[0.69,41.31249],[0.6884,41.31044],[0.68377,41.3103],[0.68132,41.30817],[0.67858,41.3099],[0.66977,41.30986],[0.66603,41.30662],[0.6623,41.30568],[0.66151,41.30325],[0.6576,41.30157],[0.65096,41.29988],[0.64789,41.30082],[0.64499,41.29888],[0.63619,41.29744],[0.63352,41.29481],[0.62914,41.29317],[0.62828,41.29088],[0.62408,41.29225],[0.61876,41.2907],[0.61538,41.29211],[0.61368,41.29073],[0.60777,41.29258],[0.60467,41.29164],[0.60183,41.29405],[0.59706,41.29345],[0.58244,41.31087],[0.58085,41.31989],[0.57419,41.31814],[0.55448,41.32659],[0.54549,41.32275],[0.54286,41.31308],[0.5435,41.3108],[0.54205,41.31058],[0.53519,41.30238],[0.53021,41.30017],[0.53083,41.29848],[0.52621,41.2902],[0.51873,41.29169],[0.5152,41.29067],[0.5091,41.29141],[0.50516,41.28967],[0.50314,41.28978],[0.50256,41.2943],[0.49854,41.29713],[0.49728,41.3028],[0.49032,41.30659],[0.48973,41.31051],[0.48099,41.31743],[0.48088,41.32014],[0.4791,41.32095],[0.48023,41.32341],[0.47437,41.32465],[0.4754,41.32653],[0.47069,41.32781],[0.46931,41.33087]]]]}},{"type":"Feature","id":"31","properties":{"code":"31","name":"Ripollès","areaKm2":956.02},"geometry":{"type":"MultiPolygon","coordinates":[[[[2.02141,42.13102],[2.02015,42.1305],[2.02177,42.12721],[2.00221,42.12538],[2.00573,42.12082],[2.00082,42.11965],[2.00347,42.1189],[2.00268,42.11776],[2.00415,42.11577],[2.00661,42.11529],[2.00762,42.10648],[2.01741,42.10942],[2.02207,42.11934],[2.0191,42.12097],[2.02934,42.12078],[2.03194,42.12627],[2.02568,42.13046],[2.02141,42.13102]]],[[[2.26742,42.43365],[2.26139,42.43746],[2.25663,42.43871],[2.25216,42.43665],[2.25141,42.43426],[2.24641,42.42892],[2.24068,42.42866],[2.23436,42.42612],[2.23086,42.42688],[2.22434,42.42592],[2.21974,42.4231],[2.21477,42.42295],[2.21123,42.4204],[2.20717,42.4196],[2.2065,42.41742],[2.20136,42.4164],[2.19438,42.41841],[2.18692,42.4174],[2.18426,42.41947],[2.18026,42.4182],[2.16763,42.42489],[2.16574,42.42273],[2.15933,42.42209],[2.15698,42.4234],[2.15417,42.42162],[2.14887,42.42094],[2.14272,42.4164],[2.13192,42.41412],[2.12557,42.4098],[2.12269,42.4047],[2.12144,42.39718],[2.11484,42.39449],[2.11457,42.38904],[2.11678,42.38327],[2.10691,42.37913],[2.10528,42.38015],[2.0992,42.37673],[2.08948,42.37377],[2.08672,42.36833],[2.0869,42.36384],[2.08467,42.36176],[2.08027,42.36499],[2.07277,42.36551],[2.07119,42.36322],[2.05885,42.35773],[2.054,42.35857],[2.03249,42.35791],[2.02821,42.35547],[2.02335,42.3556],[2.01607,42.34709],[2.00682,42.34306],[2.00189,42.34177],[1.98791,42.34354],[1.99057,42.34176],[1.99137,42.33632],[1.98803,42.33205],[1.98594,42.33258],[1.98469,42.33121],[1.98022,42.33094],[1.97002,42.3309],[1.96526,42.33268],[1.9612,42.33188],[1.95893,42.32838],[1.96001,42.32479],[1.95535,42.3121],[1.96939,42.30325],[1.97729,42.30128],[1.98358,42.29802],[1.98445,42.29999],[1.99238,42.30058],[1.99606,42.30407],[2.00572,42.30759],[2.00856,42.30723],[2.01216,42.30867],[2.01388,42.30736],[2.01671,42.30803],[2.01872,42.31033],[2.02266,42.3095],[2.02645,42.30674],[2.03469,42.30573],[2.04947,42.29662],[2.06154,42.29373],[2.06303,42.29141],[2.06692,42.28988],[2.06932,42.29099],[2.07031,42.28901],[2.06764,42.28379],[2.05751,42.28022],[2.05586,42.28068],[2.0531,42.27822],[2.05376,42.27691],[2.05182,42.27438],[2.04801,42.27417],[2.04642,42.27187],[2.0443,42.27133],[2.0424,42.26928],[2.04316,42.26809],[2.04046,42.26021],[2.03399,42.25823],[2.02802,42.25267],[2.02957,42.2506],[2.02813,42.24862],[2.02928,42.24797],[2.02987,42.24448],[2.02665,42.23939],[2.02484,42.23886],[2.0248,42.23262],[2.02124,42.23128],[2.01703,42.23218],[2.01921,42.22832],[2.02314,42.22664],[2.03,42.21565],[2.03942,42.22077],[2.04805,42.22118],[2.05311,42.21945],[2.04976,42.21564],[2.05107,42.21366],[2.0499,42.20824],[2.05319,42.2006],[2.05219,42.19542],[2.05479,42.19437],[2.06053,42.19496],[2.06342,42.19152],[2.06165,42.18872],[2.06152,42.17959],[2.05923,42.17855],[2.0603,42.17723],[2.05786,42.17645],[2.05773,42.17465],[2.05606,42.17467],[2.04385,42.17601],[2.03738,42.17866],[2.03144,42.1765],[2.03157,42.17202],[2.02819,42.16916],[2.028,42.16664],[2.02313,42.16447],[2.01279,42.16423],[2.00769,42.16208],[2.00466,42.16246],[2.00401,42.16646],[1.9959,42.17201],[2.00084,42.1758],[2.00586,42.18299],[2.00031,42.18597],[1.99767,42.19134],[1.99902,42.19259],[2.00773,42.19364],[1.98587,42.19428],[1.979,42.19635],[1.97661,42.19849],[1.9696,42.19702],[1.96465,42.19883],[1.96394,42.18759],[1.96554,42.17874],[1.97039,42.178],[1.97095,42.18028],[1.97627,42.18167],[1.98476,42.18037],[1.99183,42.18213],[1.99158,42.1784],[1.98925,42.17627],[1.99215,42.17263],[1.99046,42.17139],[2.00296,42.15542],[2.0058,42.15478],[2.0036,42.15308],[2.00594,42.15176],[2.00417,42.14971],[2.0137,42.14965],[2.02765,42.15282],[2.0332,42.15054],[2.03406,42.14847],[2.03307,42.14794],[2.03731,42.14275],[2.04482,42.14387],[2.05132,42.14309],[2.05354,42.14026],[2.05376,42.13787],[2.06052,42.13518],[2.06486,42.13853],[2.07045,42.13907],[2.07058,42.14173],[2.08636,42.14155],[2.09031,42.14244],[2.09225,42.1444],[2.09411,42.14192],[2.09603,42.14172],[2.09539,42.14012],[2.10133,42.13984],[2.09762,42.13018],[2.10108,42.12937],[2.09959,42.1277],[2.10089,42.12546],[2.09978,42.12447],[2.1097,42.11996],[2.11316,42.11691],[2.11472,42.11755],[2.11795,42.11541],[2.12041,42.11602],[2.12316,42.11494],[2.12487,42.1124],[2.13734,42.12078],[2.14357,42.13092],[2.1634,42.13498],[2.18092,42.13525],[2.18648,42.13398],[2.18787,42.1313],[2.18615,42.12832],[2.18873,42.12429],[2.20067,42.1239],[2.20444,42.12549],[2.20176,42.12855],[2.20372,42.13146],[2.20625,42.13083],[2.20896,42.12722],[2.21298,42.1289],[2.20528,42.13361],[2.21086,42.13674],[2.20995,42.13964],[2.2144,42.13864],[2.21449,42.14194],[2.23778,42.14391],[2.24011,42.14281],[2.24257,42.13797],[2.246,42.13921],[2.25754,42.13863],[2.26029,42.14115],[2.26865,42.14281],[2.26987,42.14501],[2.27147,42.14371],[2.27083,42.14263],[2.27321,42.14241],[2.27223,42.13928],[2.28121,42.14067],[2.28576,42.14005],[2.2918,42.14763],[2.29742,42.15148],[2.29004,42.15007],[2.28826,42.14819],[2.28793,42.14992],[2.27699,42.14958],[2.28566,42.15237],[2.29128,42.15685],[2.28165,42.15713],[2.28243,42.15914],[2.28145,42.16013],[2.27615,42.1577],[2.27699,42.16219],[2.27128,42.16314],[2.26826,42.16208],[2.26489,42.16418],[2.27557,42.16417],[2.28068,42.16619],[2.28699,42.16379],[2.28992,42.16568],[2.29417,42.1644],[2.29696,42.16584],[2.30502,42.15781],[2.30816,42.15849],[2.31378,42.16258],[2.32771,42.16253],[2.34038,42.169],[2.34539,42.16824],[2.35386,42.17186],[2.3612,42.17151],[2.35816,42.17846],[2.36026,42.18833],[2.35574,42.19336],[2.34919,42.19439],[2.34739,42.20166],[2.34591,42.20288],[2.33353,42.20822],[2.33269,42.21066],[2.33949,42.21232],[2.35319,42.21291],[2.36219,42.21562],[2.36921,42.21533],[2.37621,42.22441],[2.37554,42.22523],[2.37661,42.22674],[2.37478,42.22961],[2.36891,42.22762],[2.36213,42.22803],[2.35951,42.22575],[2.35592,42.22744],[2.34827,42.22771],[2.34418,42.23158],[2.34513,42.23364],[2.34315,42.23907],[2.34432,42.24126],[2.35121,42.24474],[2.36032,42.24561],[2.36459,42.24854],[2.36938,42.24825],[2.37304,42.2523],[2.38321,42.25285],[2.38527,42.25577],[2.38206,42.25582],[2.37566,42.26505],[2.3885,42.272],[2.39919,42.27173],[2.40613,42.2742],[2.40632,42.28187],[2.41486,42.28675],[2.42261,42.28603],[2.42776,42.2841],[2.43086,42.28771],[2.43488,42.28471],[2.43767,42.28627],[2.44185,42.28554],[2.44552,42.28059],[2.44986,42.28107],[2.45067,42.28306],[2.45277,42.28322],[2.45913,42.28199],[2.46335,42.27953],[2.48534,42.28834],[2.48026,42.298],[2.47973,42.30292],[2.49553,42.3003],[2.4965,42.29888],[2.50388,42.30413],[2.50611,42.30405],[2.50404,42.29892],[2.50455,42.28692],[2.50744,42.28643],[2.50877,42.28134],[2.53447,42.27956],[2.53735,42.27991],[2.53822,42.28229],[2.54541,42.28277],[2.55133,42.28587],[2.55648,42.28509],[2.55786,42.28712],[2.55492,42.28647],[2.55402,42.28928],[2.54841,42.29032],[2.532,42.2901],[2.52406,42.2918],[2.52798,42.30126],[2.52801,42.30529],[2.52595,42.31001],[2.52455,42.31938],[2.51992,42.32687],[2.52652,42.33342],[2.51118,42.3375],[2.51023,42.33954],[2.5002,42.3432],[2.4921,42.34276],[2.48356,42.33995],[2.48092,42.34103],[2.4767,42.34498],[2.47598,42.34791],[2.47306,42.34922],[2.47189,42.35382],[2.46818,42.35697],[2.46629,42.36057],[2.45685,42.36327],[2.45637,42.36794],[2.45478,42.36982],[2.44749,42.36894],[2.44256,42.37087],[2.43348,42.37716],[2.43315,42.38114],[2.43539,42.38396],[2.43463,42.38706],[2.43581,42.38825],[2.43285,42.39467],[2.41805,42.39296],[2.41409,42.3913],[2.39519,42.3953],[2.38754,42.4002],[2.37844,42.40145],[2.37234,42.4004],[2.36115,42.40266],[2.34663,42.40852],[2.34493,42.41187],[2.34593,42.4154],[2.34398,42.41688],[2.33136,42.41549],[2.32502,42.4174],[2.3184,42.42219],[2.3186,42.4251],[2.31223,42.42837],[2.30653,42.42864],[2.3005,42.42388],[2.29115,42.42294],[2.28588,42.4259],[2.28516,42.42775],[2.27817,42.43039],[2.27663,42.43242],[2.27498,42.43215],[2.27154,42.43431],[2.26742,42.43365]]]]}},{"type":"Feature","id":"32","properties":{"code":"32","name":"Segarra","areaKm2":563.55},"geometry":{"type":"MultiPolygon","coordinates":[[[[1.30828,41.92176],[1.30235,41.92348],[1.29539,41.92157],[1.29845,41.91799],[1.29092,41.90992],[1.29017,41.90361],[1.29252,41.89791],[1.29032,41.89419],[1.28943,41.88687],[1.28346,41.88206],[1.28373,41.87743],[1.28249,41.87578],[1.26574,41.86189],[1.26008,41.86053],[1.25814,41.85869],[1.25903,41.85637],[1.25695,41.85771],[1.252,41.8529],[1.24804,41.85158],[1.24564,41.84898],[1.24353,41.84891],[1.2419,41.8454],[1.23815,41.84402],[1.23614,41.84154],[1.23718,41.83597],[1.23534,41.8324],[1.22736,41.82522],[1.22483,41.81963],[1.21781,41.81623],[1.21569,41.81292],[1.21176,41.81155],[1.20247,41.81508],[1.1946,41.8091],[1.18646,41.79823],[1.18137,41.79611],[1.17025,41.78706],[1.17556,41.78724],[1.17628,41.78625],[1.17375,41.78474],[1.1662,41.77509],[1.1677,41.76891],[1.17281,41.76683],[1.17457,41.76271],[1.17159,41.75972],[1.16542,41.75994],[1.16112,41.75816],[1.16617,41.75573],[1.17883,41.75382],[1.17981,41.74874],[1.17081,41.73198],[1.15938,41.71788],[1.15658,41.71247],[1.17315,41.70794],[1.17809,41.70933],[1.19318,41.72022],[1.19704,41.72099],[1.19763,41.71956],[1.20482,41.71783],[1.20414,41.71633],[1.20787,41.7166],[1.2045,41.71423],[1.19878,41.7069],[1.19433,41.69119],[1.19215,41.69025],[1.18941,41.68594],[1.18568,41.68588],[1.18835,41.67914],[1.18488,41.67641],[1.18983,41.6746],[1.18884,41.67115],[1.19071,41.66959],[1.19123,41.66118],[1.1889,41.66072],[1.19109,41.65652],[1.19099,41.65264],[1.18524,41.6492],[1.18877,41.641],[1.18827,41.63747],[1.18995,41.63409],[1.18662,41.61989],[1.18185,41.61808],[1.17758,41.61804],[1.1745,41.6147],[1.16747,41.61349],[1.16543,41.61028],[1.16866,41.60626],[1.16703,41.60221],[1.1798,41.59581],[1.18484,41.59604],[1.20642,41.5886],[1.21096,41.58806],[1.21346,41.58467],[1.21282,41.57882],[1.21969,41.56972],[1.22577,41.57046],[1.23135,41.56935],[1.23394,41.57138],[1.24334,41.56829],[1.24645,41.57079],[1.24731,41.5698],[1.25093,41.57134],[1.25534,41.57125],[1.25869,41.56756],[1.27091,41.57205],[1.29405,41.56639],[1.30299,41.56965],[1.30424,41.57146],[1.31221,41.56876],[1.32885,41.56697],[1.34537,41.56802],[1.37173,41.56526],[1.38043,41.56136],[1.38288,41.5565],[1.38445,41.55587],[1.40319,41.55788],[1.40223,41.56471],[1.39501,41.56768],[1.39227,41.5788],[1.39569,41.58507],[1.40289,41.58637],[1.40777,41.59074],[1.40669,41.59334],[1.40733,41.60034],[1.39356,41.59971],[1.37497,41.60753],[1.37488,41.61181],[1.3697,41.61291],[1.36875,41.61045],[1.36329,41.6113],[1.36041,41.61373],[1.36959,41.61733],[1.36988,41.62139],[1.37903,41.62497],[1.38632,41.62612],[1.38743,41.63136],[1.3915,41.63433],[1.41291,41.63537],[1.41965,41.63341],[1.42053,41.63445],[1.42418,41.6314],[1.43057,41.62982],[1.43115,41.63409],[1.44015,41.63582],[1.44367,41.63483],[1.44891,41.63667],[1.4508,41.63988],[1.45072,41.64635],[1.44458,41.64593],[1.433,41.65153],[1.42584,41.66177],[1.42412,41.66938],[1.4155,41.6747],[1.41926,41.6764],[1.42331,41.68408],[1.41977,41.68543],[1.41339,41.68478],[1.40422,41.68616],[1.40393,41.69448],[1.39581,41.69565],[1.40021,41.70432],[1.39743,41.70556],[1.3835,41.70542],[1.38193,41.70678],[1.38542,41.70785],[1.39541,41.71591],[1.40061,41.71711],[1.40333,41.72069],[1.40765,41.72256],[1.41245,41.72724],[1.41608,41.72775],[1.4192,41.73262],[1.42447,41.73267],[1.42472,41.73472],[1.42005,41.73639],[1.4206,41.73782],[1.41575,41.74065],[1.41067,41.74113],[1.40525,41.74548],[1.40288,41.74556],[1.40893,41.75827],[1.41107,41.76665],[1.40989,41.76786],[1.41061,41.77504],[1.41393,41.77652],[1.41087,41.77737],[1.40737,41.78136],[1.40748,41.7846],[1.40247,41.78622],[1.4028,41.79374],[1.40165,41.79577],[1.40312,41.79776],[1.4039,41.80534],[1.39457,41.80015],[1.38914,41.79363],[1.38368,41.78411],[1.38206,41.7862],[1.37358,41.77869],[1.36658,41.78171],[1.36774,41.78391],[1.36427,41.78804],[1.36036,41.79017],[1.36184,41.79403],[1.3675,41.79797],[1.36558,41.80226],[1.36997,41.80586],[1.37142,41.81266],[1.37434,41.81666],[1.37052,41.81637],[1.36843,41.81446],[1.35873,41.81441],[1.35244,41.81914],[1.34483,41.81851],[1.34395,41.82032],[1.3415,41.82131],[1.33726,41.81911],[1.33596,41.82078],[1.33657,41.82244],[1.32999,41.82258],[1.32973,41.82565],[1.3278,41.82538],[1.3202,41.8303],[1.32535,41.834],[1.32873,41.84029],[1.32872,41.84397],[1.33689,41.85282],[1.33947,41.85354],[1.34324,41.85983],[1.34258,41.86332],[1.34357,41.86806],[1.33921,41.89159],[1.34087,41.89334],[1.33533,41.90083],[1.33326,41.89601],[1.32963,41.89508],[1.32868,41.89275],[1.32466,41.89251],[1.3243,41.88968],[1.3233,41.88923],[1.31927,41.89222],[1.31848,41.89411],[1.32058,41.89802],[1.31874,41.89957],[1.3188,41.90164],[1.32017,41.90436],[1.3171,41.9084],[1.31757,41.91155],[1.30828,41.92176]]]]}},{"type":"Feature","id":"33","properties":{"code":"33","name":"Segrià","areaKm2":1393.65},"geometry":{"type":"MultiPolygon","coordinates":[[[[0.81399,41.61023],[0.81675,41.61456],[0.78258,41.60926],[0.78023,41.60338],[0.77334,41.59685],[0.76888,41.5886],[0.76703,41.58752],[0.77075,41.58706],[0.77924,41.57984],[0.79621,41.58915],[0.80384,41.59015],[0.80648,41.59602],[0.80725,41.60196],[0.81399,41.61023]]],[[[0.56167,41.85182],[0.55715,41.85391],[0.55257,41.84911],[0.55132,41.84059],[0.55341,41.8401],[0.55312,41.83471],[0.55161,41.83392],[0.54893,41.82636],[0.54547,41.82427],[0.54355,41.82041],[0.52513,41.82225],[0.51965,41.82053],[0.51554,41.8221],[0.5105,41.82017],[0.50194,41.81437],[0.49888,41.80712],[0.49487,41.80434],[0.48852,41.80504],[0.48275,41.80107],[0.48149,41.7975],[0.47409,41.78806],[0.46982,41.76543],[0.46448,41.76331],[0.44814,41.76471],[0.43798,41.76132],[0.4282,41.76161],[0.40685,41.75866],[0.39975,41.75604],[0.39845,41.75713],[0.39954,41.75468],[0.39797,41.75428],[0.39957,41.75104],[0.39837,41.75034],[0.39481,41.7377],[0.39524,41.73182],[0.39081,41.73419],[0.38521,41.73962],[0.3727,41.72345],[0.36888,41.72414],[0.36821,41.71365],[0.35877,41.70843],[0.34154,41.69606],[0.34103,41.69425],[0.32832,41.68153],[0.3258,41.67338],[0.3263,41.66256],[0.333,41.65978],[0.34967,41.63648],[0.35554,41.63458],[0.35825,41.63197],[0.35382,41.62953],[0.34913,41.62369],[0.34599,41.622],[0.34979,41.59955],[0.39223,41.59521],[0.40221,41.59262],[0.42881,41.6022],[0.43371,41.59337],[0.43616,41.58489],[0.43133,41.581],[0.43023,41.57733],[0.43306,41.5688],[0.4301,41.56511],[0.43946,41.55565],[0.44712,41.54202],[0.44362,41.54118],[0.43863,41.53713],[0.43244,41.53114],[0.4269,41.5224],[0.41798,41.51707],[0.40816,41.50238],[0.39738,41.49057],[0.38624,41.48642],[0.3719,41.48474],[0.36863,41.48631],[0.34782,41.4879],[0.34279,41.48396],[0.34182,41.48067],[0.34488,41.47341],[0.34509,41.46212],[0.34741,41.45938],[0.35527,41.45482],[0.35669,41.45145],[0.35297,41.44555],[0.34853,41.4419],[0.34892,41.43369],[0.34739,41.42944],[0.34841,41.42673],[0.34342,41.41489],[0.32002,41.39419],[0.35205,41.374],[0.3583,41.37199],[0.36208,41.36876],[0.36331,41.36466],[0.37497,41.35157],[0.37239,41.34917],[0.37193,41.34634],[0.36658,41.34336],[0.36744,41.34118],[0.36465,41.34217],[0.36089,41.34145],[0.34986,41.33132],[0.34861,41.32791],[0.35119,41.32448],[0.3638,41.32146],[0.3679,41.31928],[0.37017,41.31535],[0.37032,41.31215],[0.36843,41.30643],[0.36547,41.30372],[0.36964,41.29606],[0.38569,41.27855],[0.42313,41.2742],[0.43245,41.27588],[0.43342,41.28773],[0.43592,41.29723],[0.43225,41.31166],[0.43462,41.3203],[0.44132,41.32556],[0.45125,41.32962],[0.45579,41.32978],[0.46162,41.33507],[0.47019,41.33061],[0.47069,41.32781],[0.4754,41.32653],[0.47437,41.32465],[0.48023,41.32341],[0.4791,41.32095],[0.48088,41.32014],[0.48099,41.31743],[0.48973,41.31051],[0.49032,41.30659],[0.49728,41.3028],[0.49854,41.29713],[0.50256,41.2943],[0.50314,41.28978],[0.5091,41.29141],[0.5152,41.29067],[0.51873,41.29169],[0.52621,41.2902],[0.53083,41.29848],[0.53021,41.30017],[0.53519,41.30238],[0.54205,41.31058],[0.5435,41.3108],[0.54286,41.31308],[0.54549,41.32275],[0.55448,41.32659],[0.57419,41.31814],[0.58085,41.31989],[0.58651,41.33737],[0.58688,41.34456],[0.58216,41.35319],[0.58594,41.36099],[0.58378,41.37294],[0.58451,41.37625],[0.59644,41.38516],[0.60608,41.38981],[0.61881,41.39305],[0.62577,41.39934],[0.63179,41.4119],[0.62841,41.42002],[0.62543,41.42312],[0.62303,41.42377],[0.6215,41.42646],[0.62219,41.42795],[0.62052,41.43366],[0.62118,41.43793],[0.62394,41.44082],[0.62427,41.44482],[0.6281,41.45241],[0.63283,41.44948],[0.64281,41.45483],[0.65911,41.45564],[0.6635,41.45775],[0.6622,41.46534],[0.66429,41.4733],[0.66855,41.4739],[0.67146,41.47595],[0.67289,41.47954],[0.6778,41.47723],[0.69241,41.47683],[0.69804,41.48975],[0.696,41.49407],[0.69593,41.49982],[0.70039,41.50507],[0.70547,41.51862],[0.71014,41.52502],[0.7267,41.51851],[0.73156,41.52034],[0.7415,41.52937],[0.74554,41.5282],[0.74723,41.52946],[0.74783,41.53319],[0.7508,41.53119],[0.75678,41.53548],[0.75887,41.53774],[0.75412,41.54031],[0.75605,41.55035],[0.76446,41.55134],[0.76475,41.55708],[0.74372,41.56119],[0.74325,41.56347],[0.74056,41.56562],[0.73236,41.56676],[0.73245,41.57071],[0.73528,41.5792],[0.73874,41.58363],[0.74155,41.58268],[0.7446,41.58851],[0.76139,41.58781],[0.75954,41.59114],[0.76009,41.5975],[0.75776,41.59925],[0.75463,41.60838],[0.75584,41.61495],[0.75293,41.61566],[0.75307,41.61798],[0.75161,41.61923],[0.74872,41.62919],[0.73692,41.63217],[0.7317,41.6317],[0.72887,41.63359],[0.72853,41.64034],[0.73245,41.646],[0.73689,41.64879],[0.73745,41.66166],[0.75217,41.66218],[0.76424,41.66522],[0.76375,41.66939],[0.76594,41.68011],[0.76121,41.69048],[0.75225,41.70097],[0.74959,41.7061],[0.74555,41.71036],[0.74185,41.7122],[0.73131,41.70568],[0.72629,41.69867],[0.71543,41.70297],[0.71202,41.7016],[0.71236,41.69965],[0.70991,41.69881],[0.7086,41.69545],[0.70591,41.69559],[0.70324,41.698],[0.70264,41.70032],[0.69381,41.69498],[0.69243,41.69561],[0.6908,41.70065],[0.68565,41.70855],[0.67226,41.71818],[0.67124,41.72062],[0.66297,41.72881],[0.65979,41.73572],[0.6469,41.74633],[0.63387,41.75932],[0.6269,41.76173],[0.62116,41.76647],[0.61682,41.77235],[0.61116,41.78452],[0.60047,41.7912],[0.59121,41.80165],[0.57802,41.82692],[0.57864,41.84797],[0.58003,41.85081],[0.56227,41.8532],[0.56269,41.85214],[0.56167,41.85182]]]]}},{"type":"Feature","id":"34","properties":{"code":"34","name":"Selva","areaKm2":993.39},"geometry":{"type":"MultiPolygon","coordinates":[[[[2.50305,42.05153],[2.49476,42.05923],[2.49088,42.05559],[2.48586,42.05451],[2.48128,42.05084],[2.48453,42.04639],[2.48879,42.04522],[2.48834,42.04382],[2.48961,42.04358],[2.4928,42.03834],[2.49656,42.0371],[2.49962,42.03365],[2.50609,42.0323],[2.503,42.02339],[2.5017,42.02401],[2.50001,42.02174],[2.49423,42.02069],[2.49546,42.01662],[2.49511,42.01158],[2.50094,42.0105],[2.50285,42.00893],[2.49981,42.00787],[2.49905,42.0015],[2.49297,42.00128],[2.48818,41.99899],[2.48465,41.99931],[2.48299,41.99666],[2.47964,41.99788],[2.4797,42.00028],[2.4763,42.0009],[2.47666,41.99735],[2.46881,41.99374],[2.48802,41.98485],[2.48005,41.98249],[2.48021,41.97873],[2.4727,41.97535],[2.47169,41.97241],[2.47428,41.96952],[2.46532,41.96681],[2.46165,41.96772],[2.45687,41.96596],[2.45489,41.96764],[2.45225,41.96589],[2.44934,41.96989],[2.44134,41.96806],[2.44298,41.96999],[2.44278,41.97169],[2.43877,41.97356],[2.43324,41.97245],[2.43076,41.96899],[2.42728,41.96895],[2.42905,41.96569],[2.43237,41.96573],[2.43949,41.96315],[2.44144,41.95991],[2.44211,41.95449],[2.43813,41.95142],[2.43676,41.94797],[2.44021,41.94662],[2.44027,41.94351],[2.44238,41.94143],[2.44491,41.94183],[2.44606,41.94385],[2.45111,41.94369],[2.4548,41.9408],[2.45871,41.9441],[2.46051,41.94384],[2.46235,41.93825],[2.4704,41.93926],[2.47157,41.93834],[2.47983,41.92963],[2.47909,41.92448],[2.4805,41.92302],[2.47848,41.91912],[2.48104,41.91606],[2.47487,41.91486],[2.47252,41.90941],[2.46984,41.90872],[2.46813,41.90599],[2.46895,41.90457],[2.45994,41.90206],[2.45907,41.89832],[2.45668,41.89683],[2.44619,41.89476],[2.44625,41.89026],[2.44316,41.88824],[2.44376,41.88548],[2.4525,41.8804],[2.45375,41.86966],[2.44615,41.85981],[2.44104,41.86023],[2.43826,41.85494],[2.43293,41.85304],[2.42257,41.85471],[2.42133,41.85081],[2.41812,41.85068],[2.42029,41.84735],[2.41754,41.84588],[2.4224,41.84301],[2.42426,41.83947],[2.42316,41.83712],[2.41806,41.8358],[2.41429,41.83168],[2.41183,41.83144],[2.40736,41.82314],[2.40867,41.8191],[2.41042,41.81772],[2.40954,41.81615],[2.41221,41.81471],[2.41145,41.81324],[2.4168,41.81094],[2.41177,41.80641],[2.41667,41.80611],[2.41914,41.80432],[2.42662,41.8049],[2.43969,41.80116],[2.44319,41.79878],[2.44267,41.79367],[2.44392,41.78936],[2.4555,41.78442],[2.47253,41.7896],[2.46924,41.77793],[2.48206,41.7717],[2.49004,41.76547],[2.49443,41.76428],[2.49759,41.76565],[2.50543,41.76288],[2.5157,41.76208],[2.51813,41.75535],[2.51527,41.75295],[2.51504,41.74863],[2.51854,41.74706],[2.52341,41.74202],[2.53093,41.73909],[2.53328,41.73581],[2.53059,41.73069],[2.5337,41.72899],[2.53477,41.72437],[2.53733,41.72174],[2.54411,41.72098],[2.54769,41.71899],[2.56938,41.72613],[2.57708,41.72447],[2.59252,41.72868],[2.59894,41.72833],[2.59571,41.7214],[2.59746,41.71741],[2.60031,41.71635],[2.59837,41.71345],[2.59885,41.71218],[2.59,41.70411],[2.5879,41.70023],[2.58979,41.69807],[2.58893,41.69649],[2.59031,41.69344],[2.59283,41.69154],[2.59243,41.68894],[2.59418,41.68818],[2.59421,41.68662],[2.59968,41.68382],[2.61377,41.69252],[2.62669,41.68849],[2.63013,41.6882],[2.63301,41.68984],[2.63449,41.69146],[2.63327,41.69465],[2.64098,41.71178],[2.64353,41.71521],[2.64972,41.71771],[2.65104,41.72224],[2.65399,41.72196],[2.65892,41.71859],[2.6659,41.71711],[2.6701,41.71439],[2.69303,41.72541],[2.70251,41.72815],[2.72405,41.7444],[2.74421,41.73488],[2.77602,41.73495],[2.77706,41.73073],[2.76586,41.7257],[2.77452,41.70029],[2.77022,41.68753],[2.75785,41.6794],[2.76042,41.6723],[2.77235,41.65911],[2.77777,41.65039],[2.78897,41.67005],[2.79175,41.67024],[2.79125,41.67191],[2.79416,41.67395],[2.79748,41.67332],[2.79673,41.67375],[2.79796,41.67467],[2.79649,41.67385],[2.79553,41.67482],[2.79749,41.67546],[2.79924,41.67565],[2.80092,41.67397],[2.79844,41.67294],[2.80028,41.6729],[2.79921,41.67177],[2.79656,41.67256],[2.79831,41.67178],[2.801,41.67245],[2.80156,41.67413],[2.80286,41.67357],[2.80306,41.67585],[2.80677,41.67669],[2.80757,41.67896],[2.81614,41.68247],[2.81597,41.68552],[2.81941,41.68894],[2.82999,41.69126],[2.83017,41.69279],[2.83388,41.6942],[2.83654,41.69434],[2.83845,41.69272],[2.84122,41.69319],[2.84359,41.69526],[2.84517,41.69486],[2.84601,41.69737],[2.85109,41.69912],[2.85764,41.69992],[2.85961,41.69861],[2.8647,41.69946],[2.86555,41.69835],[2.87366,41.70179],[2.87838,41.70116],[2.88114,41.70404],[2.88059,41.70299],[2.88236,41.7041],[2.88529,41.70369],[2.88749,41.70146],[2.89189,41.7041],[2.89543,41.70373],[2.8968,41.70543],[2.89946,41.70508],[2.90032,41.70575],[2.89896,41.70688],[2.89969,41.70831],[2.90338,41.7103],[2.90561,41.71058],[2.90971,41.70851],[2.91106,41.70922],[2.91207,41.70792],[2.9196,41.71301],[2.92429,41.712],[2.92946,41.71506],[2.9351,41.71527],[2.93503,41.71734],[2.9337,41.71814],[2.93489,41.72047],[2.93975,41.72168],[2.93951,41.72402],[2.94125,41.72542],[2.94448,41.7254],[2.94587,41.72745],[2.94784,41.7278],[2.9484,41.73021],[2.94659,41.73025],[2.95107,41.73114],[2.95085,41.73291],[2.95376,41.73103],[2.95483,41.73516],[2.95367,41.7369],[2.95521,41.73734],[2.95645,41.73574],[2.95843,41.73572],[2.95756,41.73667],[2.96026,41.7376],[2.95772,41.73803],[2.9579,41.74029],[2.96494,41.74501],[2.96649,41.748],[2.96821,41.74825],[2.96862,41.75049],[2.97073,41.75146],[2.97098,41.75319],[2.96754,41.75302],[2.96533,41.75532],[2.96344,41.75513],[2.96319,41.75663],[2.96043,41.75666],[2.96121,41.75751],[2.95975,41.75933],[2.95633,41.76076],[2.95693,41.76288],[2.95011,41.76834],[2.94049,41.76064],[2.92819,41.75752],[2.91611,41.7679],[2.90238,41.77242],[2.88264,41.77363],[2.8712,41.77277],[2.86406,41.7823],[2.85383,41.79178],[2.85353,41.79358],[2.8553,41.79551],[2.85397,41.80058],[2.85887,41.80226],[2.86132,41.80746],[2.86507,41.80905],[2.8724,41.80902],[2.87256,41.81505],[2.86491,41.81456],[2.86639,41.81198],[2.86597,41.81019],[2.85169,41.81044],[2.8481,41.81418],[2.84923,41.81993],[2.85609,41.82942],[2.86204,41.84882],[2.85455,41.84766],[2.84967,41.84937],[2.84205,41.85407],[2.83709,41.86062],[2.83513,41.86136],[2.82997,41.85909],[2.82552,41.85468],[2.81953,41.85239],[2.81831,41.85022],[2.81629,41.85699],[2.81278,41.85989],[2.81285,41.86806],[2.81397,41.87091],[2.81294,41.87435],[2.8109,41.87484],[2.80981,41.87771],[2.81372,41.88139],[2.81605,41.88763],[2.81765,41.9028],[2.81658,41.90623],[2.81192,41.90852],[2.81766,41.90942],[2.81659,41.91226],[2.80371,41.91436],[2.79972,41.91189],[2.79226,41.91074],[2.78007,41.90336],[2.76594,41.90939],[2.75594,41.92025],[2.74669,41.92691],[2.74447,41.92456],[2.734,41.92316],[2.72653,41.92369],[2.71747,41.9219],[2.69787,41.92429],[2.6978,41.92563],[2.70059,41.92756],[2.70232,41.93074],[2.70011,41.93375],[2.69825,41.93428],[2.69723,41.93753],[2.68739,41.94289],[2.68034,41.94897],[2.67262,41.94824],[2.66556,41.95201],[2.65966,41.95889],[2.66114,41.96004],[2.66132,41.96305],[2.66529,41.96505],[2.67238,41.96577],[2.672,41.97205],[2.67266,41.9737],[2.67401,41.97383],[2.66896,41.97521],[2.66795,41.98566],[2.66589,41.98708],[2.66718,41.98842],[2.66518,41.98884],[2.66307,41.99217],[2.66104,41.99199],[2.65933,41.99521],[2.66115,41.99598],[2.65855,41.99998],[2.65854,42.00737],[2.66407,42.0088],[2.66169,42.01667],[2.64892,42.01378],[2.64255,42.01724],[2.64,42.016],[2.63701,42.01672],[2.63557,42.0148],[2.63709,42.01214],[2.62807,42.01219],[2.62617,42.02336],[2.61971,42.02281],[2.61441,42.02437],[2.60896,42.02814],[2.59914,42.04251],[2.60007,42.04449],[2.6029,42.04518],[2.60261,42.0463],[2.59702,42.04999],[2.59134,42.04417],[2.59084,42.0393],[2.58797,42.03655],[2.58296,42.03701],[2.5798,42.03462],[2.57537,42.03764],[2.5656,42.03863],[2.56248,42.04277],[2.55674,42.04481],[2.55302,42.04382],[2.55106,42.04065],[2.54716,42.03882],[2.54485,42.02949],[2.53331,42.02807],[2.53357,42.02686],[2.52819,42.03218],[2.51417,42.04203],[2.51143,42.04758],[2.50305,42.05153]]]]}},{"type":"Feature","id":"35","properties":{"code":"35","name":"Solsonès","areaKm2":1158.32},"geometry":{"type":"MultiPolygon","coordinates":[[[[1.71048,41.89721],[1.70823,41.89681],[1.70791,41.89499],[1.71176,41.89153],[1.71164,41.88933],[1.70841,41.88899],[1.70703,41.89017],[1.70646,41.88846],[1.71673,41.88507],[1.71917,41.88266],[1.72497,41.89279],[1.71973,41.89529],[1.7192,41.89331],[1.71424,41.89199],[1.71285,41.89536],[1.71048,41.89721]]],[[[1.55313,42.20988],[1.5277,42.2044],[1.52892,42.19675],[1.52792,42.19196],[1.52152,42.19019],[1.52273,42.18652],[1.52038,42.18437],[1.49738,42.1701],[1.49376,42.16952],[1.48672,42.16377],[1.4765,42.1581],[1.46879,42.15401],[1.45843,42.15079],[1.45112,42.14657],[1.44655,42.14492],[1.44631,42.14774],[1.44085,42.14965],[1.43485,42.15375],[1.4304,42.15954],[1.4244,42.16006],[1.41186,42.15781],[1.40435,42.15541],[1.39572,42.15056],[1.38762,42.15121],[1.38257,42.15431],[1.37846,42.15478],[1.36901,42.15168],[1.36513,42.14863],[1.36275,42.14979],[1.35757,42.14795],[1.36144,42.14185],[1.36475,42.14214],[1.3666,42.13928],[1.36199,42.12997],[1.35434,42.12787],[1.35066,42.12848],[1.349,42.12341],[1.34362,42.12233],[1.34194,42.1197],[1.33526,42.11965],[1.32684,42.11513],[1.32348,42.09493],[1.33101,42.08002],[1.33456,42.07698],[1.3399,42.07776],[1.34984,42.07302],[1.35261,42.0736],[1.35777,42.07749],[1.35858,42.06951],[1.35671,42.06646],[1.35774,42.06328],[1.36019,42.0633],[1.35843,42.062],[1.35997,42.06144],[1.35914,42.05652],[1.36099,42.05114],[1.35945,42.04698],[1.35698,42.04616],[1.36327,42.0447],[1.3641,42.04295],[1.35695,42.03887],[1.36057,42.0304],[1.35928,42.02817],[1.35849,42.02904],[1.35573,42.02807],[1.35666,42.0249],[1.35604,42.02275],[1.35477,42.02279],[1.3567,42.01981],[1.35831,42.01945],[1.35888,42.01601],[1.35745,42.01181],[1.35783,42.01023],[1.36036,42.00969],[1.35927,42.0071],[1.36312,42.00415],[1.36263,42.00002],[1.3529,41.99407],[1.34893,41.99464],[1.33965,41.99275],[1.33751,41.99124],[1.32392,41.99049],[1.30918,41.99484],[1.30481,41.99192],[1.30663,41.98944],[1.30901,41.98998],[1.30977,41.98821],[1.30801,41.98559],[1.29875,41.98046],[1.29839,41.97545],[1.2966,41.97343],[1.29578,41.97449],[1.29408,41.97372],[1.29607,41.97236],[1.29613,41.96977],[1.29431,41.96801],[1.29499,41.96641],[1.29109,41.96509],[1.29021,41.96236],[1.29346,41.95548],[1.30847,41.95296],[1.31314,41.9489],[1.31354,41.94714],[1.30772,41.93342],[1.30233,41.92905],[1.30047,41.92509],[1.29539,41.92157],[1.30283,41.92348],[1.3072,41.9226],[1.31161,41.9192],[1.31352,41.91545],[1.31755,41.9116],[1.3171,41.9084],[1.32016,41.90438],[1.31868,41.89985],[1.32058,41.89797],[1.31854,41.89327],[1.3233,41.88923],[1.32517,41.89053],[1.32466,41.89251],[1.32868,41.89275],[1.32963,41.89508],[1.33326,41.89601],[1.33533,41.90083],[1.34087,41.89334],[1.33921,41.89159],[1.34357,41.86806],[1.34258,41.86332],[1.34324,41.85983],[1.33947,41.85354],[1.33689,41.85282],[1.32872,41.84397],[1.32873,41.84029],[1.32535,41.834],[1.3202,41.8303],[1.3278,41.82538],[1.32973,41.82565],[1.32999,41.82258],[1.33657,41.82244],[1.33596,41.82078],[1.33726,41.81911],[1.3415,41.82131],[1.34395,41.82032],[1.34483,41.81851],[1.35244,41.81914],[1.35873,41.81441],[1.36843,41.81446],[1.37052,41.81637],[1.37434,41.81666],[1.37142,41.81266],[1.36997,41.80586],[1.36558,41.80226],[1.3675,41.79797],[1.36184,41.79403],[1.36036,41.79017],[1.36427,41.78804],[1.36774,41.78391],[1.36653,41.78175],[1.37174,41.77934],[1.37358,41.77869],[1.37636,41.78014],[1.38206,41.7862],[1.38368,41.78411],[1.38914,41.79363],[1.39457,41.80015],[1.4039,41.80534],[1.40312,41.79776],[1.40165,41.79577],[1.4028,41.79374],[1.40247,41.78622],[1.40748,41.7846],[1.40737,41.78136],[1.41087,41.77737],[1.4152,41.77606],[1.41856,41.78779],[1.42026,41.78997],[1.42134,41.79367],[1.41951,41.79218],[1.41658,41.79495],[1.42647,41.80185],[1.44275,41.80094],[1.4509,41.79788],[1.45401,41.79911],[1.45993,41.79763],[1.46425,41.79796],[1.47133,41.80058],[1.47249,41.79936],[1.47192,41.79114],[1.46919,41.78829],[1.47305,41.78256],[1.46929,41.78179],[1.46916,41.77848],[1.46087,41.77649],[1.46471,41.77495],[1.46707,41.77538],[1.46651,41.77331],[1.4689,41.77076],[1.47028,41.77223],[1.47232,41.7711],[1.47361,41.77259],[1.47827,41.77336],[1.47965,41.77177],[1.48417,41.77179],[1.48184,41.77418],[1.48209,41.7756],[1.48778,41.7773],[1.48808,41.77875],[1.48748,41.78267],[1.48633,41.78311],[1.48706,41.78498],[1.48495,41.78592],[1.48588,41.78852],[1.4827,41.79098],[1.49203,41.78882],[1.4938,41.79007],[1.50114,41.78955],[1.50476,41.78821],[1.50731,41.77659],[1.50861,41.77565],[1.50821,41.77373],[1.51275,41.77281],[1.51022,41.77156],[1.51087,41.7708],[1.51932,41.77093],[1.52236,41.76615],[1.52763,41.76403],[1.53267,41.76376],[1.52839,41.75974],[1.53072,41.75259],[1.5353,41.75295],[1.53619,41.75455],[1.53404,41.75715],[1.54475,41.75739],[1.54832,41.77045],[1.56173,41.76997],[1.56266,41.77383],[1.56113,41.77723],[1.56869,41.77735],[1.57177,41.77976],[1.57258,41.78215],[1.57464,41.782],[1.57902,41.77871],[1.58129,41.77542],[1.59335,41.77784],[1.59222,41.78064],[1.59982,41.7888],[1.59592,41.79316],[1.59575,41.79406],[1.5978,41.79394],[1.59724,41.79633],[1.59453,41.79656],[1.59284,41.80049],[1.59373,41.80159],[1.58822,41.80453],[1.59294,41.8119],[1.60544,41.81481],[1.61172,41.81796],[1.61515,41.83021],[1.6097,41.83598],[1.6152,41.84007],[1.6194,41.84138],[1.62278,41.84048],[1.63187,41.84348],[1.6265,41.84817],[1.63048,41.85839],[1.62796,41.86035],[1.62563,41.86898],[1.62197,41.87143],[1.62119,41.87448],[1.61844,41.87747],[1.61905,41.88157],[1.61082,41.88049],[1.60591,41.88402],[1.60275,41.88276],[1.60133,41.88429],[1.59115,41.87923],[1.59078,41.87771],[1.58314,41.87347],[1.56854,41.8798],[1.57603,41.89102],[1.58264,41.8928],[1.58412,41.89026],[1.58304,41.8882],[1.58595,41.88828],[1.59515,41.89667],[1.59988,41.90426],[1.6047,41.90137],[1.61553,41.90587],[1.61896,41.91229],[1.62265,41.91353],[1.62202,41.91512],[1.6264,41.91818],[1.63243,41.92053],[1.63753,41.92678],[1.64167,41.92712],[1.64146,41.92881],[1.64254,41.92891],[1.65121,41.92668],[1.65269,41.92867],[1.64241,41.94053],[1.64457,41.94385],[1.65019,41.94485],[1.64822,41.95169],[1.64693,41.95263],[1.64908,41.957],[1.64458,41.95937],[1.64528,41.96199],[1.6441,41.96392],[1.6454,41.96619],[1.64421,41.96871],[1.6452,41.97113],[1.65111,41.97838],[1.64884,41.97966],[1.65423,41.98064],[1.65887,41.97804],[1.66015,41.98139],[1.65919,41.98316],[1.66402,41.98474],[1.6671,41.98506],[1.67434,41.98274],[1.66778,41.97031],[1.66983,41.97082],[1.6708,41.96835],[1.67755,41.96916],[1.6824,41.96765],[1.69674,41.97582],[1.71011,41.97975],[1.71931,41.98501],[1.71915,41.98607],[1.71634,41.98638],[1.71643,41.98916],[1.71245,41.99253],[1.71485,41.99174],[1.71538,41.99348],[1.71733,41.99415],[1.71437,41.99812],[1.71794,41.99775],[1.71743,41.99995],[1.71133,42.00257],[1.70735,42.00165],[1.70614,42.00263],[1.70747,42.00709],[1.69867,42.01381],[1.6947,42.01319],[1.69009,42.00511],[1.69884,41.99348],[1.69601,41.99147],[1.6981,41.98816],[1.69743,41.98568],[1.6914,41.98677],[1.69202,41.99052],[1.68979,41.99064],[1.68477,41.99513],[1.67674,41.99445],[1.6671,41.99042],[1.66219,41.99112],[1.66119,41.99168],[1.66075,41.99727],[1.66194,41.99751],[1.66191,42.00126],[1.6577,42.00291],[1.65446,41.99959],[1.65696,41.99832],[1.65507,41.99336],[1.6531,41.99338],[1.65203,41.99198],[1.65022,41.99715],[1.65104,41.99877],[1.64707,41.99993],[1.65246,42.00554],[1.65137,42.01349],[1.65565,42.01766],[1.65486,42.01964],[1.65835,42.02189],[1.66148,42.02271],[1.6644,42.02162],[1.66503,42.01862],[1.6615,42.01348],[1.66211,42.01076],[1.66562,42.01003],[1.66476,42.00736],[1.66104,42.00609],[1.66634,42.00301],[1.67013,42.00653],[1.66861,42.0128],[1.66997,42.01566],[1.67415,42.01763],[1.6748,42.01907],[1.67834,42.01839],[1.68396,42.02474],[1.68966,42.0264],[1.68931,42.02735],[1.69418,42.02812],[1.69702,42.02598],[1.6997,42.02887],[1.69436,42.03494],[1.69737,42.03654],[1.69729,42.03927],[1.6927,42.04555],[1.68269,42.04839],[1.68043,42.04531],[1.67947,42.03822],[1.67415,42.03914],[1.67056,42.04424],[1.67215,42.04541],[1.67475,42.05301],[1.67463,42.05865],[1.68693,42.06842],[1.69113,42.0754],[1.68788,42.07811],[1.69118,42.08679],[1.70763,42.08244],[1.71202,42.08478],[1.71691,42.08454],[1.71817,42.08752],[1.7222,42.09138],[1.72287,42.10008],[1.71157,42.10172],[1.70445,42.10598],[1.7095,42.10972],[1.7123,42.11903],[1.70906,42.12098],[1.70877,42.12287],[1.70751,42.1223],[1.69956,42.12791],[1.70052,42.13011],[1.69849,42.1346],[1.70388,42.14027],[1.70241,42.14155],[1.70486,42.14251],[1.70787,42.14995],[1.70957,42.15008],[1.7138,42.15472],[1.7206,42.15182],[1.72397,42.15262],[1.7266,42.15442],[1.72897,42.15836],[1.73468,42.15886],[1.73825,42.16295],[1.73677,42.16611],[1.73646,42.17244],[1.73828,42.17509],[1.73468,42.18162],[1.73658,42.18345],[1.73168,42.18403],[1.72879,42.18021],[1.7288,42.17808],[1.7257,42.17434],[1.72798,42.17064],[1.72594,42.16632],[1.71636,42.16551],[1.7081,42.16109],[1.70719,42.16478],[1.70097,42.16961],[1.69354,42.17255],[1.69108,42.17183],[1.69198,42.17061],[1.68914,42.17032],[1.68577,42.17237],[1.68475,42.17135],[1.68514,42.16848],[1.68276,42.16604],[1.68091,42.17082],[1.67878,42.16758],[1.66893,42.17014],[1.6684,42.16635],[1.66965,42.16325],[1.66838,42.16294],[1.66262,42.16594],[1.65825,42.16524],[1.65227,42.16941],[1.65678,42.1701],[1.65473,42.1724],[1.65492,42.17461],[1.65067,42.1778],[1.64652,42.18796],[1.64352,42.18946],[1.64173,42.1921],[1.64313,42.19398],[1.64165,42.19667],[1.63505,42.19833],[1.62487,42.1979],[1.62054,42.20193],[1.61601,42.20299],[1.61384,42.20101],[1.59539,42.20045],[1.59143,42.20271],[1.58614,42.20299],[1.58274,42.20455],[1.57967,42.2036],[1.56813,42.20793],[1.55313,42.20988]],[[1.32141,41.9903],[1.32042,41.98932],[1.32235,41.98617],[1.32097,41.98318],[1.31758,41.98194],[1.31554,41.98289],[1.3131,41.98716],[1.31368,41.98944],[1.31941,41.99157],[1.32141,41.9903]],[[1.65884,42.11449],[1.67261,42.11473],[1.69217,42.11292],[1.69388,42.10884],[1.69551,42.10816],[1.69202,42.10757],[1.6914,42.10457],[1.67883,42.10327],[1.66308,42.10531],[1.65086,42.11031],[1.6445,42.11147],[1.64715,42.11403],[1.65102,42.11337],[1.65228,42.11436],[1.65527,42.11326],[1.65884,42.11449]]]]}},{"type":"Feature","id":"36","properties":{"code":"36","name":"Tarragonès","areaKm2":320.25},"geometry":{"type":"MultiPolygon","coordinates":[[[[1.35753,41.25477],[1.35578,41.25138],[1.35387,41.25137],[1.35504,41.24958],[1.35226,41.24839],[1.35211,41.2458],[1.34709,41.24137],[1.34789,41.2403],[1.35075,41.24053],[1.3507,41.23824],[1.34577,41.23675],[1.34283,41.2391],[1.34051,41.23714],[1.3379,41.23862],[1.33385,41.23719],[1.33396,41.23582],[1.33722,41.23422],[1.33772,41.23269],[1.34074,41.23313],[1.3398,41.22953],[1.34092,41.2288],[1.34646,41.22835],[1.34661,41.22982],[1.34378,41.23123],[1.34757,41.23246],[1.34899,41.23175],[1.34958,41.23061],[1.34799,41.22902],[1.35009,41.22614],[1.35357,41.22452],[1.35203,41.2206],[1.34714,41.22251],[1.34564,41.21889],[1.34304,41.21915],[1.3431,41.21454],[1.33982,41.21405],[1.33801,41.2151],[1.33597,41.22067],[1.32761,41.21841],[1.32518,41.21936],[1.32209,41.22227],[1.31784,41.22367],[1.3166,41.22759],[1.31337,41.2308],[1.30877,41.23173],[1.3036,41.23667],[1.30106,41.23563],[1.29896,41.23626],[1.29493,41.23935],[1.29353,41.23679],[1.28508,41.23579],[1.28432,41.23402],[1.28154,41.23303],[1.27649,41.23622],[1.2673,41.23297],[1.26748,41.23079],[1.26512,41.22633],[1.26248,41.226],[1.26201,41.22341],[1.25963,41.2225],[1.24686,41.22607],[1.24233,41.22143],[1.25303,41.21308],[1.26049,41.20121],[1.25903,41.19964],[1.24598,41.20395],[1.23383,41.20393],[1.23273,41.21732],[1.2273,41.21876],[1.22567,41.21457],[1.21743,41.21549],[1.20298,41.22826],[1.19954,41.22706],[1.19599,41.22373],[1.18748,41.23215],[1.18084,41.22343],[1.17456,41.22558],[1.17327,41.22404],[1.17944,41.22157],[1.17743,41.21422],[1.18409,41.214],[1.17983,41.20921],[1.17501,41.19725],[1.16902,41.18854],[1.16281,41.18273],[1.15441,41.17914],[1.14956,41.17234],[1.14379,41.17047],[1.16073,41.15008],[1.16918,41.14948],[1.17722,41.1441],[1.1812,41.13658],[1.19115,41.13138],[1.18903,41.12825],[1.17677,41.13032],[1.17157,41.13387],[1.17791,41.136],[1.1765,41.13716],[1.17842,41.1381],[1.16506,41.13838],[1.16221,41.13308],[1.16698,41.12905],[1.16889,41.1313],[1.17156,41.12938],[1.17427,41.11967],[1.1678,41.11685],[1.17642,41.11051],[1.17662,41.10844],[1.1649,41.10871],[1.15231,41.12263],[1.14819,41.12229],[1.13129,41.13077],[1.12016,41.13036],[1.12129,41.12804],[1.1193,41.12184],[1.12082,41.12278],[1.12365,41.12183],[1.12612,41.11759],[1.12676,41.11374],[1.12567,41.11366],[1.12796,41.10782],[1.12664,41.10616],[1.12672,41.103],[1.12407,41.10218],[1.11209,41.10531],[1.11103,41.10621],[1.11288,41.10697],[1.10345,41.11376],[1.10128,41.11369],[1.09388,41.10855],[1.09474,41.10119],[1.09387,41.0987],[1.09497,41.09665],[1.09409,41.09221],[1.10286,41.08367],[1.11781,41.07365],[1.12846,41.07492],[1.12995,41.07379],[1.13165,41.07436],[1.13183,41.07315],[1.13033,41.073],[1.1366,41.07338],[1.14342,41.07209],[1.14538,41.06931],[1.14911,41.0675],[1.14754,41.06534],[1.15248,41.0658],[1.15777,41.06419],[1.15829,41.06157],[1.16081,41.06088],[1.16055,41.05916],[1.16214,41.05851],[1.16057,41.05586],[1.16733,41.05662],[1.16786,41.05527],[1.17042,41.05465],[1.17272,41.05585],[1.17414,41.05896],[1.18014,41.06253],[1.18162,41.06443],[1.18097,41.06572],[1.18332,41.06693],[1.18102,41.06607],[1.17936,41.06783],[1.17942,41.06981],[1.18661,41.08109],[1.19229,41.08526],[1.19611,41.08275],[1.19068,41.08659],[1.19205,41.08808],[1.19681,41.09096],[1.20635,41.08323],[1.1996,41.08807],[1.19729,41.09088],[1.19836,41.09106],[1.19676,41.09183],[1.19719,41.09293],[1.19889,41.09402],[1.20887,41.0871],[1.21419,41.08712],[1.20979,41.08734],[1.21244,41.08824],[1.20481,41.09573],[1.20782,41.09736],[1.21607,41.09018],[1.21959,41.0925],[1.21475,41.09719],[1.21573,41.09777],[1.21473,41.09724],[1.21293,41.09943],[1.21756,41.10095],[1.21838,41.10229],[1.224,41.1018],[1.22554,41.09818],[1.22273,41.09614],[1.22656,41.09864],[1.22531,41.09902],[1.22774,41.09936],[1.22589,41.10526],[1.2285,41.10535],[1.23013,41.10095],[1.23753,41.10379],[1.2364,41.10606],[1.23723,41.10658],[1.24141,41.10528],[1.24238,41.1065],[1.24375,41.10615],[1.2452,41.1045],[1.23368,41.09979],[1.23038,41.09539],[1.22906,41.09596],[1.22507,41.0907],[1.22353,41.09057],[1.22578,41.08939],[1.22537,41.08727],[1.21348,41.07866],[1.22637,41.0874],[1.23219,41.09489],[1.24634,41.10046],[1.24826,41.10518],[1.25012,41.10733],[1.25142,41.10653],[1.25086,41.10773],[1.2524,41.10938],[1.25374,41.10861],[1.25108,41.10569],[1.25236,41.10639],[1.25424,41.10881],[1.25348,41.11018],[1.25615,41.11211],[1.26418,41.11423],[1.26621,41.11217],[1.26817,41.11368],[1.27043,41.11315],[1.2749,41.11614],[1.2744,41.11749],[1.27786,41.11993],[1.28209,41.12008],[1.28417,41.12242],[1.28879,41.12309],[1.29515,41.12694],[1.30682,41.12905],[1.32126,41.12946],[1.32491,41.1277],[1.33614,41.12856],[1.34399,41.12478],[1.34331,41.12598],[1.34739,41.12799],[1.35258,41.12713],[1.38192,41.1344],[1.38534,41.13409],[1.38614,41.13244],[1.3949,41.13161],[1.3988,41.13371],[1.40164,41.13352],[1.40009,41.13385],[1.40196,41.1341],[1.4013,41.13507],[1.40261,41.1345],[1.40156,41.13541],[1.40298,41.13478],[1.40158,41.13544],[1.40362,41.13563],[1.40236,41.13646],[1.40381,41.13587],[1.40252,41.13667],[1.40396,41.13607],[1.40271,41.13691],[1.40438,41.13618],[1.40152,41.13263],[1.40504,41.13617],[1.40371,41.13687],[1.4043,41.13798],[1.40784,41.14093],[1.42698,41.14975],[1.46692,41.16613],[1.47317,41.16636],[1.47938,41.16846],[1.4839,41.16705],[1.48366,41.16829],[1.48615,41.17013],[1.48817,41.16852],[1.48283,41.16607],[1.48521,41.16627],[1.48874,41.16856],[1.4889,41.17011],[1.4957,41.17317],[1.48313,41.18653],[1.48306,41.18947],[1.47853,41.19289],[1.47775,41.20073],[1.47927,41.2064],[1.47677,41.20853],[1.45792,41.20349],[1.44732,41.20455],[1.43569,41.20238],[1.42748,41.20824],[1.42608,41.21164],[1.41732,41.21162],[1.40878,41.21335],[1.40326,41.2101],[1.39935,41.20602],[1.3952,41.20557],[1.39156,41.21332],[1.39042,41.22082],[1.39867,41.22108],[1.40496,41.22562],[1.40632,41.22688],[1.40592,41.23738],[1.41316,41.24119],[1.40715,41.24153],[1.39885,41.23904],[1.39514,41.23928],[1.38999,41.2418],[1.38104,41.24139],[1.37036,41.24288],[1.36776,41.24517],[1.36633,41.25085],[1.36068,41.252],[1.35753,41.25477]],[[1.24262,41.10948],[1.2491,41.10864],[1.24718,41.10581],[1.24491,41.10655],[1.24518,41.10742],[1.24443,41.10609],[1.23934,41.10754],[1.24167,41.10766],[1.24026,41.10872],[1.24194,41.10828],[1.24029,41.10877],[1.24262,41.10948]]]]}},{"type":"Feature","id":"37","properties":{"code":"37","name":"Terra Alta","areaKm2":741.41},"geometry":{"type":"MultiPolygon","coordinates":[[[[0.37803,41.23633],[0.36421,41.23855],[0.36315,41.23578],[0.36451,41.22792],[0.36115,41.22522],[0.34909,41.22689],[0.34077,41.231],[0.33792,41.22978],[0.33534,41.22531],[0.33105,41.22235],[0.32637,41.22255],[0.32241,41.22485],[0.32121,41.22405],[0.31842,41.21984],[0.31663,41.21247],[0.31724,41.20976],[0.31379,41.20522],[0.31183,41.19884],[0.31244,41.19582],[0.30964,41.19423],[0.30825,41.18652],[0.30566,41.18506],[0.30617,41.17935],[0.30455,41.17689],[0.30486,41.17134],[0.30322,41.1684],[0.3004,41.167],[0.3033,41.16453],[0.30199,41.16098],[0.29648,41.16039],[0.2929,41.15868],[0.29215,41.15637],[0.2847,41.15618],[0.27216,41.14856],[0.26018,41.14914],[0.25774,41.15043],[0.25302,41.14992],[0.25585,41.14675],[0.25478,41.14465],[0.25617,41.14296],[0.25041,41.13803],[0.25226,41.13509],[0.24865,41.12999],[0.23798,41.12983],[0.21399,41.13716],[0.21259,41.13637],[0.21979,41.13408],[0.21957,41.13189],[0.20377,41.12837],[0.2009,41.12594],[0.2017,41.12305],[0.2091,41.11667],[0.2051,41.11044],[0.206,41.10941],[0.20046,41.10218],[0.20063,41.08486],[0.20716,41.08288],[0.21545,41.08448],[0.2196,41.08329],[0.2204,41.08167],[0.21956,41.07916],[0.21626,41.0774],[0.22191,41.07285],[0.21739,41.06664],[0.21894,41.06129],[0.22308,41.05843],[0.2284,41.05904],[0.23032,41.05683],[0.23069,41.05417],[0.22943,41.05223],[0.21741,41.04732],[0.21809,41.0435],[0.22153,41.04169],[0.22666,41.04658],[0.23261,41.04724],[0.23469,41.04606],[0.23465,41.04441],[0.22986,41.03978],[0.23223,41.03484],[0.24194,41.03441],[0.24446,41.03647],[0.24289,41.04058],[0.24606,41.04142],[0.25037,41.03765],[0.2523,41.03281],[0.25818,41.02886],[0.26587,41.02519],[0.27204,41.02569],[0.2784,41.02164],[0.27992,41.01945],[0.27686,41.0178],[0.27228,41.01915],[0.26188,41.01922],[0.25924,41.01665],[0.25885,41.01409],[0.26186,41.01075],[0.27144,41.00904],[0.27466,41.00685],[0.27491,41.00483],[0.26938,41.00215],[0.26837,40.9982],[0.27201,40.99583],[0.27241,40.99256],[0.28113,40.98688],[0.28234,40.98243],[0.28094,40.97526],[0.28212,40.97246],[0.28974,40.97403],[0.29356,40.97086],[0.29285,40.9686],[0.28834,40.96724],[0.28418,40.96425],[0.28567,40.96001],[0.28279,40.95732],[0.2834,40.95613],[0.28089,40.95332],[0.2813,40.95132],[0.27531,40.95058],[0.27467,40.94986],[0.2766,40.94766],[0.2719,40.94528],[0.27147,40.94234],[0.274,40.94026],[0.27442,40.93599],[0.2667,40.92829],[0.26035,40.92804],[0.25359,40.91925],[0.25432,40.9117],[0.25102,40.91204],[0.24829,40.90885],[0.24946,40.90702],[0.25228,40.90709],[0.25357,40.90543],[0.24939,40.90208],[0.24904,40.89743],[0.25043,40.89546],[0.24577,40.89242],[0.24557,40.88673],[0.24228,40.88685],[0.23862,40.88456],[0.24213,40.88135],[0.2498,40.87951],[0.25141,40.87585],[0.25268,40.87597],[0.25423,40.87345],[0.25553,40.87387],[0.25331,40.8695],[0.25436,40.86595],[0.25132,40.862],[0.25335,40.85908],[0.25083,40.85585],[0.25578,40.85275],[0.2555,40.84954],[0.25769,40.84815],[0.2555,40.84546],[0.25912,40.84554],[0.25908,40.84266],[0.26047,40.8416],[0.25984,40.83854],[0.26256,40.83791],[0.26151,40.83634],[0.26707,40.83287],[0.26805,40.83026],[0.27276,40.82716],[0.27287,40.82579],[0.27815,40.8234],[0.27921,40.82116],[0.27375,40.81964],[0.27326,40.81848],[0.27902,40.81779],[0.28066,40.81914],[0.28436,40.81894],[0.29223,40.81588],[0.29681,40.82115],[0.30552,40.83532],[0.31476,40.84204],[0.32168,40.84416],[0.32501,40.84385],[0.3311,40.84722],[0.3335,40.84968],[0.33392,40.85308],[0.33991,40.85997],[0.34214,40.86048],[0.35239,40.871],[0.35669,40.87728],[0.36206,40.88034],[0.36036,40.8831],[0.36614,40.88546],[0.36979,40.89057],[0.3671,40.89259],[0.36405,40.89861],[0.36838,40.90249],[0.36447,40.90548],[0.36281,40.90903],[0.36464,40.90958],[0.36576,40.91203],[0.36454,40.91644],[0.36856,40.91979],[0.36913,40.92717],[0.3672,40.92855],[0.36626,40.93132],[0.36673,40.93324],[0.37177,40.93692],[0.36949,40.93839],[0.37068,40.94268],[0.37261,40.94203],[0.37945,40.94526],[0.38241,40.94338],[0.38726,40.94477],[0.39224,40.94822],[0.39045,40.95161],[0.39343,40.95518],[0.39963,40.95387],[0.40195,40.95633],[0.40634,40.9576],[0.41668,40.95767],[0.42188,40.95935],[0.42228,40.96054],[0.43877,40.96178],[0.44489,40.96406],[0.44747,40.96782],[0.44966,40.96845],[0.44986,40.97159],[0.45387,40.97577],[0.45455,40.97833],[0.45906,40.97718],[0.46713,40.97801],[0.46883,40.98013],[0.47685,40.97723],[0.48588,40.97657],[0.48846,40.97958],[0.49187,40.98107],[0.49192,40.9826],[0.49647,40.98412],[0.49788,40.98761],[0.50505,40.99041],[0.50463,40.99294],[0.50652,40.99495],[0.51008,40.99496],[0.5145,40.99755],[0.52295,40.997],[0.53085,41.00108],[0.53538,41.00111],[0.54425,41.00844],[0.54835,41.01007],[0.55346,41.00963],[0.55824,41.01445],[0.56197,41.01617],[0.56532,41.01609],[0.57059,41.01916],[0.56794,41.01998],[0.56721,41.0248],[0.56307,41.02729],[0.55813,41.02789],[0.55648,41.03121],[0.55761,41.03477],[0.55116,41.03512],[0.54803,41.03745],[0.54816,41.04006],[0.54637,41.04243],[0.54804,41.04613],[0.54565,41.04728],[0.54448,41.05072],[0.53632,41.05141],[0.53507,41.05318],[0.52801,41.0555],[0.52686,41.05771],[0.52787,41.06196],[0.52708,41.06278],[0.50791,41.06141],[0.50226,41.05991],[0.49981,41.06323],[0.5037,41.06771],[0.51046,41.07002],[0.5122,41.06951],[0.51298,41.07132],[0.51734,41.07259],[0.52069,41.07561],[0.52082,41.07884],[0.52291,41.08149],[0.53574,41.09362],[0.5363,41.09793],[0.542,41.10479],[0.54211,41.10699],[0.54819,41.11],[0.55034,41.11231],[0.55029,41.11436],[0.55354,41.11747],[0.55151,41.11954],[0.5424,41.12052],[0.53571,41.12377],[0.52783,41.12526],[0.52384,41.13026],[0.51636,41.13388],[0.50683,41.13471],[0.50329,41.13616],[0.49352,41.13635],[0.48823,41.14203],[0.488,41.14518],[0.49436,41.14886],[0.49386,41.15125],[0.49546,41.15516],[0.49866,41.15498],[0.50188,41.1575],[0.49986,41.15915],[0.50081,41.1643],[0.49772,41.16825],[0.50249,41.1734],[0.50066,41.17481],[0.50035,41.17911],[0.49811,41.18302],[0.49574,41.19074],[0.49652,41.19386],[0.49544,41.19646],[0.48637,41.19806],[0.48457,41.201],[0.47951,41.20349],[0.46975,41.20315],[0.46542,41.20467],[0.4589,41.2047],[0.45798,41.2053],[0.45875,41.20669],[0.45639,41.20862],[0.45642,41.2106],[0.45849,41.21221],[0.45725,41.21419],[0.45309,41.21525],[0.45145,41.21764],[0.44792,41.21888],[0.44587,41.22191],[0.43837,41.2238],[0.43576,41.2266],[0.43044,41.22867],[0.42215,41.22669],[0.42075,41.22421],[0.41338,41.22018],[0.40321,41.21858],[0.40222,41.21636],[0.38867,41.21346],[0.39019,41.21291],[0.37795,41.21212],[0.36689,41.20666],[0.36712,41.21248],[0.37178,41.21649],[0.37165,41.21966],[0.37316,41.22253],[0.37305,41.22598],[0.37112,41.22807],[0.3717,41.23002],[0.37452,41.23295],[0.38173,41.23477],[0.38172,41.23663],[0.37803,41.23633]]]]}},{"type":"Feature","id":"38","properties":{"code":"38","name":"Urgell","areaKm2":577.56},"geometry":{"type":"MultiPolygon","coordinates":[[[[0.96045,41.74928],[0.97007,41.7562],[0.97388,41.76071],[0.97914,41.77549],[0.97662,41.77572],[0.9758,41.77044],[0.96787,41.75623],[0.95262,41.74711],[0.95382,41.74523],[0.96045,41.74928]]],[[[1.04627,41.85724],[1.04501,41.85944],[1.04208,41.8568],[1.03971,41.85738],[1.0396,41.85416],[1.0369,41.85451],[1.03535,41.85255],[1.03359,41.85325],[1.03315,41.85187],[1.03124,41.8521],[1.03144,41.85432],[1.02903,41.85582],[1.0257,41.85183],[1.02076,41.85008],[1.01957,41.84747],[1.0201,41.8387],[1.02451,41.83843],[1.02441,41.83169],[1.02167,41.82836],[1.02424,41.82784],[1.0253,41.82205],[1.02694,41.82018],[1.02934,41.81944],[1.03232,41.82058],[1.03592,41.8257],[1.04207,41.82866],[1.05115,41.82992],[1.05443,41.83704],[1.0666,41.83523],[1.06507,41.83672],[1.06158,41.84899],[1.05807,41.84869],[1.05677,41.85341],[1.05565,41.8533],[1.05536,41.85755],[1.04627,41.85724]]],[[[1.10448,41.85555],[1.0995,41.85669],[1.09452,41.851],[1.09092,41.84362],[1.07549,41.82304],[1.08055,41.82405],[1.06068,41.79295],[1.04694,41.78206],[1.03336,41.76882],[1.01974,41.77688],[1.01511,41.77654],[1.00773,41.77099],[0.98624,41.77158],[0.98757,41.77432],[0.97109,41.7545],[0.95402,41.74275],[0.95754,41.73897],[0.96046,41.73237],[0.96747,41.73503],[0.97747,41.73133],[0.9831,41.73177],[0.98244,41.71309],[0.97419,41.70637],[0.97673,41.70494],[0.9885,41.70226],[0.98765,41.70148],[0.99205,41.69911],[0.9984,41.69813],[0.99982,41.70051],[1.01577,41.70581],[1.02274,41.7125],[1.02816,41.71112],[0.99768,41.69119],[1.00966,41.68853],[1.01462,41.6945],[1.01976,41.69593],[1.04163,41.68747],[1.0371,41.67893],[1.02842,41.68018],[1.02731,41.67771],[1.02911,41.67734],[1.02793,41.67613],[1.02618,41.67694],[1.02499,41.67489],[1.02719,41.67404],[1.02573,41.67039],[1.0171,41.67632],[1.00625,41.67805],[1.00335,41.67615],[0.99997,41.67095],[1.00697,41.66902],[1.00552,41.66766],[1.00213,41.65758],[1.001,41.65109],[0.99088,41.65094],[0.98458,41.64135],[0.9869,41.64021],[0.98491,41.63704],[0.98295,41.63537],[0.9763,41.63534],[0.97411,41.62978],[0.96919,41.62949],[0.96704,41.62205],[0.97376,41.62004],[0.96982,41.61488],[0.97696,41.6123],[0.97251,41.60673],[0.97554,41.60147],[0.97822,41.5995],[0.97422,41.59695],[0.97409,41.59428],[0.97581,41.59154],[0.9644,41.57938],[0.96862,41.57777],[0.96113,41.56809],[0.96911,41.56506],[0.97005,41.56108],[0.97228,41.5587],[0.97951,41.55661],[0.97946,41.5551],[0.98669,41.55006],[0.98771,41.54641],[0.98335,41.54635],[0.98383,41.54305],[0.9881,41.53637],[0.98134,41.5281],[0.97883,41.51801],[0.99724,41.51323],[1.01112,41.512],[1.02013,41.5034],[1.03141,41.50607],[1.03801,41.50508],[1.03646,41.50355],[1.03739,41.49892],[1.03945,41.50138],[1.0425,41.50054],[1.05653,41.49377],[1.06426,41.48739],[1.07612,41.48501],[1.07949,41.48341],[1.08297,41.47951],[1.08816,41.47734],[1.09131,41.47653],[1.09406,41.47818],[1.10458,41.47535],[1.10644,41.47322],[1.10807,41.46717],[1.11165,41.4673],[1.11657,41.47021],[1.11979,41.47018],[1.12964,41.47425],[1.12922,41.47554],[1.13086,41.47732],[1.16184,41.48246],[1.17247,41.48749],[1.17573,41.48679],[1.17978,41.48843],[1.17622,41.49356],[1.17568,41.50121],[1.16668,41.50544],[1.16362,41.5132],[1.16542,41.51772],[1.16807,41.51745],[1.17007,41.51924],[1.17139,41.52781],[1.17394,41.53131],[1.16939,41.53104],[1.16389,41.53446],[1.17122,41.5325],[1.17619,41.53377],[1.16613,41.53718],[1.16801,41.54029],[1.18088,41.54329],[1.19769,41.54371],[1.21075,41.54873],[1.21314,41.55168],[1.21169,41.55625],[1.21263,41.55907],[1.21651,41.56217],[1.21574,41.56716],[1.21969,41.56972],[1.21282,41.57882],[1.21346,41.58467],[1.21096,41.58806],[1.20642,41.5886],[1.18484,41.59604],[1.1798,41.59581],[1.17162,41.59955],[1.16703,41.60221],[1.16866,41.60626],[1.16543,41.61028],[1.16747,41.61349],[1.1745,41.6147],[1.17758,41.61804],[1.18185,41.61808],[1.18662,41.61989],[1.18995,41.63409],[1.18827,41.63747],[1.18877,41.641],[1.18524,41.6492],[1.19099,41.65264],[1.19109,41.65652],[1.1889,41.66072],[1.19123,41.66118],[1.19071,41.66959],[1.18884,41.67115],[1.18983,41.6746],[1.18488,41.67641],[1.18835,41.67914],[1.18568,41.68588],[1.18941,41.68594],[1.19215,41.69025],[1.19433,41.69119],[1.19878,41.7069],[1.20781,41.71677],[1.20414,41.71633],[1.20482,41.71783],[1.19763,41.71956],[1.19704,41.72099],[1.19318,41.72022],[1.17809,41.70933],[1.17315,41.70794],[1.15658,41.71247],[1.15938,41.71788],[1.17081,41.73198],[1.17965,41.74794],[1.17883,41.75382],[1.16617,41.75573],[1.16112,41.75816],[1.16542,41.75994],[1.17159,41.75972],[1.17407,41.76158],[1.17281,41.76683],[1.1677,41.76891],[1.1662,41.77509],[1.17375,41.78474],[1.17628,41.78625],[1.17556,41.78724],[1.17025,41.78706],[1.16367,41.78145],[1.15963,41.78119],[1.14029,41.78572],[1.14052,41.79273],[1.13619,41.79846],[1.13627,41.80116],[1.14111,41.80825],[1.14995,41.81395],[1.15276,41.81826],[1.15112,41.82015],[1.14614,41.82091],[1.14208,41.81621],[1.13802,41.81454],[1.1362,41.81114],[1.13418,41.81076],[1.13471,41.80727],[1.13354,41.80444],[1.12611,41.8054],[1.12295,41.80764],[1.09874,41.81149],[1.09863,41.8195],[1.10184,41.82105],[1.10146,41.82542],[1.10312,41.82774],[1.11424,41.82156],[1.11716,41.82299],[1.11932,41.82717],[1.12254,41.8287],[1.12464,41.83263],[1.12074,41.84894],[1.11502,41.85086],[1.11545,41.85414],[1.10344,41.85293],[1.10448,41.85555]],[[1.0991,41.70522],[1.10014,41.70273],[1.07736,41.68679],[1.05826,41.68121],[1.05522,41.68279],[1.07866,41.7021],[1.08225,41.70045],[1.0991,41.70522]]]]}},{"type":"Feature","id":"39","properties":{"code":"39","name":"Val d'Aran","areaKm2":632},"geometry":{"type":"MultiPolygon","coordinates":[[[[0.7096,42.86131],[0.6914,42.85506],[0.67802,42.85525],[0.67931,42.85039],[0.67854,42.84764],[0.66459,42.84248],[0.6593,42.83871],[0.65941,42.83422],[0.66188,42.82907],[0.67011,42.82428],[0.67041,42.82163],[0.66686,42.81884],[0.66492,42.8137],[0.67082,42.80455],[0.66954,42.80187],[0.65935,42.7979],[0.65424,42.79227],[0.65062,42.78507],[0.64764,42.78513],[0.64482,42.78298],[0.64788,42.78185],[0.65163,42.77767],[0.66722,42.77511],[0.6623,42.77001],[0.65856,42.76815],[0.65567,42.76854],[0.65055,42.76518],[0.65006,42.76024],[0.64604,42.75581],[0.63928,42.75487],[0.64731,42.75145],[0.6609,42.75187],[0.66374,42.74946],[0.66323,42.74327],[0.66717,42.74145],[0.667,42.73695],[0.67003,42.73421],[0.67045,42.73091],[0.67655,42.72848],[0.68017,42.72325],[0.67375,42.7174],[0.67727,42.71258],[0.68267,42.7089],[0.68099,42.70526],[0.67622,42.70296],[0.67395,42.699],[0.67675,42.69083],[0.66876,42.68916],[0.66204,42.69142],[0.6602,42.69085],[0.65991,42.68845],[0.66652,42.68218],[0.67138,42.68087],[0.6735,42.67898],[0.67593,42.67092],[0.67972,42.66859],[0.68048,42.66603],[0.68414,42.66513],[0.6845,42.66296],[0.68266,42.66121],[0.68466,42.65947],[0.68816,42.65813],[0.69556,42.65862],[0.69613,42.6544],[0.69489,42.65311],[0.69835,42.64546],[0.70339,42.64218],[0.69952,42.637],[0.70089,42.63261],[0.69854,42.63011],[0.70222,42.62499],[0.70819,42.62088],[0.71727,42.61981],[0.72915,42.61487],[0.73357,42.61532],[0.73841,42.6123],[0.74123,42.61261],[0.74496,42.61514],[0.76757,42.61159],[0.78806,42.61571],[0.79396,42.61507],[0.79731,42.61727],[0.80552,42.61924],[0.81302,42.61948],[0.8129,42.61429],[0.81625,42.61443],[0.82206,42.6116],[0.8218,42.60999],[0.82631,42.60528],[0.83608,42.60858],[0.84132,42.60883],[0.84385,42.61093],[0.84405,42.61279],[0.84645,42.61356],[0.84684,42.61554],[0.85553,42.61909],[0.85759,42.62143],[0.86738,42.62258],[0.87109,42.6252],[0.87547,42.62614],[0.87685,42.62797],[0.87627,42.631],[0.87854,42.63191],[0.88201,42.63108],[0.88494,42.62712],[0.88961,42.62743],[0.89553,42.6259],[0.89657,42.62348],[0.89498,42.62055],[0.8969,42.61765],[0.89434,42.61603],[0.89522,42.61165],[0.89814,42.60979],[0.90115,42.61029],[0.90393,42.60795],[0.91225,42.60673],[0.91468,42.60201],[0.91508,42.59761],[0.91915,42.59246],[0.94357,42.58924],[0.94666,42.59193],[0.95346,42.59459],[0.95332,42.60117],[0.95448,42.60312],[0.9668,42.60412],[0.96939,42.60879],[0.96833,42.61265],[0.96923,42.61473],[0.96677,42.61593],[0.96302,42.61507],[0.96166,42.61646],[0.96117,42.61975],[0.95888,42.62249],[0.962,42.62535],[0.9605,42.62829],[0.96171,42.62977],[0.9605,42.6311],[0.96134,42.63206],[0.96353,42.6316],[0.96866,42.63774],[0.96877,42.63974],[0.97072,42.64095],[0.98032,42.6767],[0.98289,42.67727],[0.98359,42.67979],[0.98659,42.68282],[0.98191,42.68761],[0.97798,42.6894],[0.97657,42.69202],[0.98071,42.69883],[0.99333,42.70062],[1.00525,42.71341],[1.01217,42.70896],[1.02792,42.70976],[1.02726,42.71485],[1.0223,42.7269],[1.0262,42.72931],[1.02985,42.73392],[1.02717,42.74319],[1.03046,42.75213],[1.03294,42.75552],[1.03007,42.75773],[1.02904,42.75724],[1.02796,42.76016],[1.02971,42.76439],[1.02688,42.76769],[1.02822,42.77146],[1.03151,42.77277],[1.03062,42.77558],[1.03724,42.78695],[1.03303,42.78707],[1.03137,42.78479],[1.02812,42.78643],[1.01701,42.78705],[1.01444,42.78858],[1.01126,42.78786],[1.00517,42.79087],[0.99475,42.78689],[0.98291,42.78691],[0.97669,42.79162],[0.97865,42.79305],[0.97652,42.79591],[0.96958,42.79858],[0.96598,42.8037],[0.96006,42.80594],[0.95697,42.80335],[0.94695,42.80153],[0.94631,42.79912],[0.93778,42.79621],[0.93311,42.78955],[0.92627,42.78936],[0.91717,42.79371],[0.91627,42.79594],[0.90748,42.79689],[0.9064,42.80107],[0.89951,42.80375],[0.89755,42.80683],[0.89206,42.8082],[0.8852,42.81324],[0.87995,42.815],[0.87721,42.81432],[0.87369,42.81598],[0.87095,42.81564],[0.861,42.82118],[0.85826,42.8239],[0.85807,42.82572],[0.85553,42.82686],[0.85197,42.82672],[0.84375,42.82926],[0.83315,42.82836],[0.82228,42.83242],[0.82064,42.8346],[0.81782,42.83457],[0.81565,42.83709],[0.80151,42.8406],[0.79541,42.84002],[0.79328,42.83773],[0.7893,42.83624],[0.77709,42.83622],[0.77227,42.83845],[0.7628,42.84028],[0.76162,42.84279],[0.74947,42.8471],[0.73595,42.84898],[0.73483,42.85432],[0.73095,42.85508],[0.72484,42.85851],[0.71959,42.8596],[0.71728,42.85838],[0.7096,42.86131]]]]}},{"type":"Feature","id":"40","properties":{"code":"40","name":"Vallès Occidental","areaKm2":582.63},"geometry":{"type":"MultiPolygon","coordinates":[[[[2.11034,41.71742],[2.10809,41.7179],[2.09969,41.71486],[2.09906,41.71096],[2.09691,41.70908],[2.08728,41.70776],[2.08475,41.71081],[2.0791,41.70957],[2.06628,41.71407],[2.06486,41.71172],[2.05429,41.71203],[2.05078,41.71076],[2.03899,41.71674],[2.03243,41.7165],[2.02913,41.71102],[2.02295,41.70828],[2.02042,41.70534],[2.02199,41.69843],[2.0179,41.6945],[2.01299,41.69215],[2.00956,41.69236],[2.00913,41.69127],[2.00958,41.68669],[2.01303,41.68087],[2.01076,41.67834],[2.00615,41.67781],[2.00463,41.67553],[2.01178,41.66584],[2.01073,41.66457],[2.01077,41.65876],[2.00884,41.65618],[2.00284,41.65431],[1.99555,41.65542],[1.99017,41.65442],[1.98293,41.64817],[1.97145,41.64883],[1.96112,41.64419],[1.95709,41.64652],[1.94956,41.64628],[1.94824,41.64907],[1.94213,41.64887],[1.94015,41.6523],[1.94222,41.65622],[1.93701,41.65862],[1.93689,41.6613],[1.93389,41.66322],[1.93284,41.66324],[1.9303,41.658],[1.9231,41.66181],[1.91956,41.66605],[1.90682,41.66478],[1.90118,41.65719],[1.89778,41.65761],[1.89386,41.65599],[1.89112,41.65269],[1.88917,41.65318],[1.88969,41.65212],[1.8865,41.64946],[1.88911,41.64833],[1.89013,41.64622],[1.89065,41.64398],[1.8893,41.64063],[1.89144,41.63899],[1.89251,41.63508],[1.89097,41.62951],[1.89338,41.6233],[1.89392,41.61919],[1.89292,41.6171],[1.88949,41.61481],[1.88314,41.61507],[1.87333,41.61271],[1.86515,41.6188],[1.86281,41.61665],[1.86315,41.61356],[1.86063,41.6094],[1.86158,41.60346],[1.86396,41.59877],[1.86331,41.59228],[1.86737,41.59101],[1.86965,41.5882],[1.8713,41.58941],[1.87888,41.58949],[1.88101,41.5854],[1.88841,41.58399],[1.89117,41.58069],[1.88444,41.57907],[1.90921,41.57049],[1.92041,41.5711],[1.92025,41.56975],[1.92352,41.56757],[1.9204,41.56471],[1.92231,41.5641],[1.92036,41.56207],[1.92079,41.56026],[1.92248,41.5608],[1.92227,41.55945],[1.9188,41.55646],[1.92435,41.55552],[1.92676,41.55236],[1.92856,41.55287],[1.92561,41.55085],[1.92913,41.54876],[1.92852,41.54697],[1.92967,41.54402],[1.93094,41.54382],[1.93104,41.54189],[1.93258,41.54194],[1.93108,41.53933],[1.93352,41.53755],[1.93218,41.53631],[1.93629,41.53204],[1.93601,41.53037],[1.93872,41.52842],[1.94901,41.52571],[1.95133,41.52293],[1.95115,41.51016],[1.93663,41.50913],[1.93559,41.50547],[1.9335,41.50457],[1.93325,41.50083],[1.9302,41.49594],[1.9223,41.49542],[1.92231,41.48972],[1.93243,41.48546],[1.93401,41.47926],[1.94516,41.46758],[1.94658,41.46755],[1.95074,41.47176],[1.95167,41.46897],[1.95085,41.46701],[1.96158,41.45973],[1.96869,41.46386],[1.97329,41.46371],[1.9756,41.45993],[1.97839,41.44915],[1.99258,41.43803],[1.99408,41.43559],[1.99596,41.43993],[1.99572,41.45141],[2.00113,41.45631],[1.99926,41.45991],[2.01052,41.45665],[2.01122,41.45796],[2.01557,41.45898],[2.02339,41.45753],[2.02458,41.45209],[2.02372,41.45069],[2.02716,41.44675],[2.03126,41.44555],[2.03156,41.44267],[2.03295,41.44169],[2.03768,41.44214],[2.04073,41.44422],[2.05475,41.44556],[2.06364,41.44377],[2.06419,41.44213],[2.06159,41.43752],[2.05968,41.4374],[2.0595,41.43448],[2.06291,41.43358],[2.06458,41.42991],[2.06781,41.42954],[2.06702,41.42636],[2.06967,41.42518],[2.07084,41.41832],[2.07907,41.41494],[2.07981,41.41625],[2.07876,41.41886],[2.07765,41.4186],[2.07534,41.42198],[2.08096,41.424],[2.0727,41.42515],[2.07299,41.42752],[2.07662,41.42871],[2.07148,41.43308],[2.07177,41.4363],[2.07477,41.4353],[2.07529,41.43296],[2.07997,41.43189],[2.08077,41.43064],[2.08232,41.43163],[2.08573,41.429],[2.09043,41.42864],[2.09607,41.43327],[2.10322,41.42807],[2.11332,41.4285],[2.11711,41.42627],[2.12127,41.42583],[2.12266,41.42876],[2.1283,41.43352],[2.12994,41.44303],[2.13278,41.4446],[2.13477,41.44758],[2.14203,41.44694],[2.1451,41.44795],[2.14848,41.44675],[2.15203,41.44704],[2.15584,41.44993],[2.16411,41.4498],[2.1656,41.45158],[2.16423,41.45604],[2.16733,41.46068],[2.17141,41.46082],[2.17492,41.46385],[2.18071,41.46494],[2.17869,41.46818],[2.18706,41.46772],[2.18893,41.47084],[2.19975,41.47342],[2.20625,41.47033],[2.21339,41.4715],[2.21769,41.47751],[2.21269,41.47826],[2.21181,41.48033],[2.21584,41.48458],[2.21545,41.48722],[2.22307,41.49061],[2.22469,41.49252],[2.22339,41.49615],[2.21096,41.49925],[2.20381,41.5039],[2.20048,41.50142],[2.19345,41.5079],[2.1894,41.51393],[2.18908,41.51549],[2.2,41.51749],[2.20651,41.52922],[2.20101,41.5367],[2.20092,41.54005],[2.19871,41.54487],[2.19411,41.54684],[2.1941,41.54978],[2.18814,41.56205],[2.18761,41.56627],[2.19319,41.56777],[2.19307,41.56951],[2.19675,41.57183],[2.19587,41.5729],[2.19731,41.57375],[2.19623,41.57541],[2.20269,41.57577],[2.19826,41.58307],[2.1956,41.59079],[2.19218,41.5933],[2.19131,41.59687],[2.18886,41.59844],[2.18794,41.60662],[2.18521,41.60618],[2.18495,41.60218],[2.18209,41.60144],[2.16469,41.60119],[2.16083,41.61471],[2.15687,41.62146],[2.1491,41.63059],[2.14099,41.63388],[2.14007,41.63642],[2.13596,41.63924],[2.13216,41.63892],[2.13051,41.64026],[2.12392,41.64108],[2.12148,41.64552],[2.11625,41.6436],[2.11678,41.64499],[2.11295,41.64592],[2.10928,41.65419],[2.10194,41.657],[2.10205,41.65831],[2.09611,41.65913],[2.09977,41.65946],[2.10465,41.66459],[2.10726,41.66465],[2.10901,41.66626],[2.12106,41.67043],[2.13456,41.66925],[2.13441,41.67436],[2.13172,41.67697],[2.13234,41.67831],[2.13082,41.67997],[2.13375,41.68616],[2.13316,41.68715],[2.13832,41.6897],[2.13976,41.69276],[2.13741,41.69639],[2.13787,41.69842],[2.1348,41.70027],[2.1354,41.70412],[2.13379,41.70508],[2.13305,41.71559],[2.12492,41.71248],[2.11034,41.71742]]]]}},{"type":"Feature","id":"41","properties":{"code":"41","name":"Vallès Oriental","areaKm2":726.78},"geometry":{"type":"MultiPolygon","coordinates":[[[[2.38727,41.80463],[2.38268,41.8088],[2.37565,41.79661],[2.36355,41.79179],[2.36211,41.79001],[2.36741,41.7831],[2.36561,41.78041],[2.36609,41.77889],[2.36383,41.77832],[2.36569,41.77619],[2.36519,41.76959],[2.35586,41.76546],[2.34353,41.76329],[2.33436,41.76365],[2.33231,41.77186],[2.32847,41.77575],[2.32964,41.77868],[2.32819,41.78879],[2.3209,41.78783],[2.31838,41.7923],[2.31367,41.79347],[2.30433,41.79857],[2.29874,41.79736],[2.29099,41.79299],[2.28742,41.78495],[2.28291,41.78309],[2.27821,41.77917],[2.27445,41.77146],[2.27277,41.7717],[2.27187,41.77012],[2.2695,41.77093],[2.26517,41.76747],[2.26578,41.76595],[2.2544,41.76536],[2.24928,41.75895],[2.25079,41.74938],[2.25801,41.74768],[2.26073,41.74461],[2.25988,41.74283],[2.26067,41.74051],[2.25444,41.73558],[2.26221,41.73527],[2.26315,41.73131],[2.25634,41.7282],[2.25532,41.73077],[2.24948,41.7301],[2.24583,41.73126],[2.24058,41.72961],[2.24107,41.72726],[2.24387,41.7261],[2.23843,41.72198],[2.24015,41.72139],[2.23927,41.71552],[2.24217,41.70769],[2.24028,41.70567],[2.23742,41.70951],[2.22243,41.7045],[2.21323,41.70393],[2.21258,41.70481],[2.21417,41.70718],[2.21067,41.71035],[2.20868,41.70782],[2.20658,41.70903],[2.19856,41.70583],[2.19538,41.70575],[2.19479,41.7087],[2.19228,41.71134],[2.19169,41.71579],[2.18692,41.71515],[2.18596,41.71839],[2.18317,41.71607],[2.1791,41.71685],[2.17591,41.71315],[2.17164,41.71351],[2.16953,41.71199],[2.16646,41.7128],[2.16387,41.71525],[2.15675,41.71608],[2.14247,41.7134],[2.13305,41.71559],[2.13379,41.70508],[2.1354,41.70412],[2.1348,41.70027],[2.13787,41.69842],[2.13741,41.69639],[2.13976,41.69276],[2.13832,41.6897],[2.13316,41.68715],[2.13375,41.68616],[2.13082,41.67997],[2.13234,41.67831],[2.13172,41.67697],[2.13441,41.67436],[2.13456,41.66925],[2.12106,41.67043],[2.10901,41.66626],[2.10726,41.66465],[2.10465,41.66459],[2.09977,41.65946],[2.09611,41.65913],[2.10205,41.65831],[2.10194,41.657],[2.10928,41.65419],[2.11295,41.64592],[2.11678,41.64499],[2.11625,41.6436],[2.12148,41.64552],[2.12392,41.64108],[2.13051,41.64026],[2.13216,41.63892],[2.13596,41.63924],[2.14007,41.63642],[2.14099,41.63388],[2.1491,41.63059],[2.15687,41.62146],[2.16083,41.61471],[2.16469,41.60119],[2.18209,41.60144],[2.18495,41.60218],[2.18521,41.60618],[2.18794,41.60662],[2.18886,41.59844],[2.19131,41.59687],[2.19218,41.5933],[2.1956,41.59079],[2.19826,41.58307],[2.20268,41.57589],[2.19623,41.57541],[2.19731,41.57375],[2.19587,41.5729],[2.19675,41.57183],[2.19307,41.56951],[2.19319,41.56777],[2.18761,41.56627],[2.18989,41.55697],[2.19412,41.54973],[2.19411,41.54684],[2.19871,41.54487],[2.20092,41.54005],[2.20101,41.5367],[2.20651,41.52933],[2.20167,41.51914],[2.19886,41.51649],[2.19461,41.51686],[2.18908,41.51549],[2.19345,41.5079],[2.20048,41.50142],[2.20381,41.5039],[2.21096,41.49925],[2.22339,41.49615],[2.22469,41.49252],[2.24001,41.49184],[2.24574,41.49037],[2.2468,41.48854],[2.2544,41.4923],[2.25551,41.49597],[2.25922,41.49726],[2.26299,41.5016],[2.26222,41.50234],[2.26328,41.50397],[2.2668,41.50477],[2.26948,41.51008],[2.28501,41.51535],[2.28927,41.51417],[2.30167,41.51527],[2.30724,41.51336],[2.30974,41.51635],[2.31604,41.5175],[2.32301,41.51664],[2.33097,41.52387],[2.32946,41.52393],[2.32889,41.52846],[2.32376,41.5303],[2.32029,41.53008],[2.31895,41.53281],[2.31605,41.53344],[2.32817,41.5393],[2.32798,41.54126],[2.33474,41.54388],[2.33352,41.54455],[2.33551,41.54601],[2.33498,41.54896],[2.33858,41.55093],[2.33919,41.55504],[2.33744,41.55624],[2.33837,41.55858],[2.33751,41.56115],[2.3418,41.56114],[2.34409,41.56367],[2.34395,41.56531],[2.34724,41.56703],[2.34868,41.5698],[2.35425,41.57232],[2.36847,41.5854],[2.3751,41.59512],[2.38042,41.59476],[2.38221,41.59589],[2.38329,41.59899],[2.38253,41.59994],[2.38614,41.59953],[2.39417,41.60855],[2.40107,41.6077],[2.4012,41.61091],[2.40547,41.61419],[2.40906,41.6199],[2.41514,41.62608],[2.41767,41.62716],[2.42034,41.62559],[2.42165,41.63066],[2.42876,41.62943],[2.42914,41.63108],[2.43106,41.62959],[2.43192,41.63089],[2.43644,41.62821],[2.44065,41.63066],[2.44518,41.62978],[2.44798,41.6306],[2.44806,41.62759],[2.45208,41.62605],[2.45562,41.63123],[2.45678,41.62851],[2.45861,41.62839],[2.46346,41.63062],[2.47132,41.62974],[2.4733,41.63106],[2.47778,41.63129],[2.47952,41.62919],[2.4844,41.63116],[2.48493,41.62691],[2.49721,41.62331],[2.51156,41.6258],[2.51487,41.62774],[2.51624,41.62657],[2.52316,41.62591],[2.52736,41.62706],[2.52913,41.6289],[2.52872,41.63183],[2.53473,41.63387],[2.5355,41.64101],[2.53951,41.64283],[2.54017,41.64731],[2.54409,41.65042],[2.54468,41.6558],[2.54666,41.65821],[2.55137,41.65998],[2.5619,41.65883],[2.57148,41.661],[2.59387,41.65887],[2.59816,41.67014],[2.60638,41.67268],[2.60902,41.67545],[2.60335,41.67835],[2.5997,41.68381],[2.59421,41.68662],[2.59418,41.68818],[2.59243,41.68894],[2.59276,41.69167],[2.59031,41.69344],[2.58893,41.69649],[2.58979,41.69807],[2.58793,41.70011],[2.59,41.70411],[2.59885,41.71218],[2.59837,41.71345],[2.60031,41.71635],[2.59746,41.71741],[2.59571,41.7214],[2.59894,41.72833],[2.59252,41.72868],[2.57708,41.72447],[2.56938,41.72613],[2.54769,41.71899],[2.54411,41.72098],[2.53756,41.72164],[2.53477,41.72437],[2.5337,41.72899],[2.53059,41.73069],[2.53328,41.73581],[2.53093,41.73909],[2.52341,41.74202],[2.51854,41.74706],[2.51504,41.74863],[2.51527,41.75295],[2.51813,41.75535],[2.51583,41.76196],[2.50543,41.76288],[2.49759,41.76565],[2.49443,41.76428],[2.49004,41.76547],[2.48206,41.7717],[2.46924,41.77793],[2.47253,41.7896],[2.4555,41.78442],[2.44392,41.78936],[2.44267,41.79367],[2.44319,41.79878],[2.43392,41.80347],[2.42647,41.80492],[2.42337,41.80406],[2.41529,41.80485],[2.40998,41.80169],[2.40537,41.80167],[2.39604,41.80584],[2.38727,41.80463]]]]}},{"type":"Feature","id":"42","properties":{"code":"42","name":"Moianès","areaKm2":337.01},"geometry":{"type":"MultiPolygon","coordinates":[[[[2.13911,41.90969],[2.13476,41.91528],[2.13537,41.91345],[2.13207,41.91065],[2.11309,41.90663],[2.10567,41.90329],[2.09167,41.90457],[2.09127,41.909],[2.08108,41.90592],[2.07391,41.9001],[2.06373,41.90216],[2.06338,41.89988],[2.05124,41.89911],[2.04664,41.89752],[2.04048,41.90272],[2.03359,41.90206],[2.02846,41.90534],[2.02678,41.90859],[2.02212,41.91101],[2.01254,41.91208],[2.0103,41.90646],[2.01459,41.90012],[2.01278,41.88835],[2.01414,41.88412],[2.01102,41.88447],[2.00705,41.88295],[2.00537,41.88495],[2.00144,41.88285],[2.01132,41.8789],[2.01586,41.87333],[2.0062,41.86912],[1.99504,41.85867],[1.98899,41.85675],[1.98753,41.85451],[1.9839,41.85499],[1.97582,41.84719],[1.97508,41.8407],[1.97787,41.83955],[1.97715,41.83714],[1.99646,41.83511],[2.00333,41.83283],[2.00441,41.83192],[2.00388,41.83025],[2.01174,41.8224],[2.01588,41.82417],[2.02048,41.82336],[2.02237,41.82071],[2.02658,41.82085],[2.02612,41.8186],[2.02998,41.81467],[2.03325,41.81331],[2.03405,41.81044],[2.03806,41.80588],[2.02747,41.80174],[2.02016,41.80216],[1.97742,41.79225],[1.96912,41.78763],[1.96458,41.78751],[1.95424,41.78198],[1.93445,41.78066],[1.92565,41.7778],[1.90394,41.77382],[1.91121,41.77463],[1.91394,41.77288],[1.91322,41.77012],[1.91753,41.77],[1.91631,41.76811],[1.91808,41.76144],[1.91511,41.76024],[1.91627,41.75693],[1.91938,41.75894],[1.92132,41.75311],[1.9241,41.75281],[1.92331,41.74987],[1.92821,41.74509],[1.93323,41.74398],[1.93778,41.74555],[1.95314,41.74656],[1.96591,41.75186],[1.9792,41.75323],[1.98924,41.74989],[1.99685,41.74425],[2.00203,41.74368],[2.0014,41.73971],[2.0043,41.733],[2.00389,41.72891],[2.01096,41.73029],[2.01451,41.72745],[2.01572,41.72359],[2.0151,41.72185],[2.01698,41.71966],[2.01636,41.71642],[2.01955,41.71319],[2.02207,41.70769],[2.02913,41.71102],[2.03243,41.7165],[2.035,41.71616],[2.03579,41.71717],[2.04374,41.71468],[2.04947,41.7109],[2.05429,41.71203],[2.06486,41.71172],[2.06628,41.71407],[2.0791,41.70957],[2.08475,41.71081],[2.08728,41.70776],[2.0971,41.70916],[2.09906,41.71096],[2.09969,41.71486],[2.10809,41.7179],[2.12492,41.71248],[2.13305,41.71559],[2.14247,41.7134],[2.15675,41.71608],[2.16387,41.71525],[2.16646,41.7128],[2.16953,41.71199],[2.17164,41.71351],[2.17591,41.71315],[2.1791,41.71685],[2.18317,41.71607],[2.18596,41.71839],[2.18692,41.71515],[2.19169,41.71579],[2.19228,41.71134],[2.19479,41.7087],[2.19538,41.70575],[2.19856,41.70583],[2.20658,41.70903],[2.20868,41.70782],[2.21067,41.71035],[2.21417,41.70718],[2.21258,41.70481],[2.21323,41.70393],[2.22243,41.7045],[2.23742,41.70951],[2.24028,41.70567],[2.24217,41.70769],[2.23927,41.71552],[2.24015,41.72139],[2.23843,41.72198],[2.24387,41.7261],[2.24107,41.72726],[2.24058,41.72961],[2.23617,41.73207],[2.23002,41.72919],[2.2234,41.72976],[2.21325,41.72649],[2.20642,41.729],[2.20138,41.72849],[2.19748,41.73046],[2.19422,41.72999],[2.18951,41.73255],[2.18447,41.74267],[2.18956,41.75237],[2.18847,41.75715],[2.18876,41.77528],[2.18623,41.78207],[2.18601,41.78918],[2.18347,41.79361],[2.17562,41.79825],[2.17943,41.80095],[2.17967,41.80281],[2.18441,41.80862],[2.18727,41.81014],[2.18841,41.81354],[2.1877,41.81664],[2.19177,41.82095],[2.19653,41.8361],[2.19337,41.83861],[2.19197,41.83793],[2.18848,41.84412],[2.18996,41.84861],[2.18631,41.8599],[2.18415,41.85782],[2.18362,41.85468],[2.1797,41.85258],[2.16851,41.85552],[2.15745,41.85676],[2.15447,41.85355],[2.1462,41.8526],[2.14189,41.85582],[2.14208,41.85927],[2.13671,41.85887],[2.13525,41.86278],[2.12848,41.86901],[2.12883,41.87113],[2.13186,41.8741],[2.13198,41.87844],[2.12403,41.88106],[2.123,41.88563],[2.13304,41.88637],[2.13819,41.88937],[2.1399,41.89189],[2.14115,41.89888],[2.1402,41.90008],[2.14339,41.90036],[2.14395,41.90171],[2.13989,41.90612],[2.13911,41.90969]]]]}},{"type":"Feature","id":"43","properties":{"code":"43","name":"Lluçanès","areaKm2":226.27},"geometry":{"type":"MultiPolygon","coordinates":[[[[2.01959,41.94294],[2.0187,41.94452],[2.01521,41.94288],[2.01097,41.93873],[2.01458,41.93566],[2.01787,41.93627],[2.01911,41.93784],[2.02232,41.93795],[2.01887,41.93975],[2.01959,41.94294]]],[[[2.09603,42.14172],[2.09411,42.14192],[2.09225,42.1444],[2.09031,42.14244],[2.08636,42.14155],[2.07058,42.14173],[2.07045,42.13907],[2.06486,42.13853],[2.06115,42.13516],[2.06762,42.13448],[2.07005,42.13187],[2.07102,42.12914],[2.06894,42.12802],[2.07014,42.12686],[2.0678,42.12531],[2.06804,42.12269],[2.0496,42.12161],[2.05449,42.10751],[2.04563,42.10447],[2.06246,42.09862],[2.05768,42.08768],[2.05387,42.09066],[2.05304,42.09454],[2.04246,42.09237],[2.03975,42.08757],[2.04036,42.08424],[2.04178,42.0817],[2.04533,42.08104],[2.03471,42.07714],[2.0306,42.08195],[2.02592,42.09295],[2.02703,42.09537],[2.02549,42.09639],[2.01364,42.09368],[2.00811,42.08515],[2.01005,42.08297],[2.01021,42.07914],[2.00841,42.07384],[2.00954,42.07096],[2.00768,42.06827],[2.00787,42.06382],[2.00999,42.06078],[2.00636,42.05287],[2.00762,42.04999],[2.00479,42.04838],[2.00255,42.03946],[2.00032,42.03907],[1.99733,42.03606],[1.99967,42.03187],[1.9971,42.03098],[1.99533,42.02834],[2.0033,42.03035],[2.00997,42.02969],[2.01823,42.02835],[2.02183,42.02522],[2.0209,42.02291],[2.01453,42.01743],[2.00769,42.00886],[2.00712,42.00447],[2.00816,42.00255],[2.00553,41.99917],[2.00636,41.9961],[1.99967,41.99019],[1.99612,41.99108],[1.99475,41.98981],[1.99674,41.97927],[1.99832,41.97752],[1.98559,41.96965],[1.99822,41.9704],[2.00146,41.96643],[2.00455,41.96508],[2.01809,41.96615],[2.03312,41.96108],[2.03148,41.95981],[2.03223,41.9586],[2.02712,41.95036],[2.0289,41.94882],[2.02806,41.94273],[2.02565,41.94106],[2.02315,41.94162],[2.02453,41.93845],[2.02971,41.93291],[2.03071,41.92441],[2.03362,41.92094],[2.03572,41.91132],[2.04088,41.90934],[2.04274,41.90699],[2.04514,41.90712],[2.04554,41.90862],[2.04782,41.90838],[2.04721,41.90598],[2.04402,41.9031],[2.04493,41.89951],[2.04048,41.90272],[2.04664,41.89752],[2.05124,41.89911],[2.06338,41.89988],[2.06373,41.90216],[2.07391,41.9001],[2.08108,41.90592],[2.09127,41.909],[2.0934,41.91386],[2.09038,41.91505],[2.09812,41.92136],[2.10121,41.92002],[2.1117,41.92869],[2.12193,41.94467],[2.12801,41.94268],[2.1396,41.94462],[2.13648,41.94796],[2.13577,41.95519],[2.12871,41.9579],[2.12849,41.96133],[2.13119,41.96444],[2.12149,41.96671],[2.12829,41.9719],[2.12733,41.97858],[2.12907,41.98503],[2.12719,41.98919],[2.12436,41.99084],[2.1348,42.00195],[2.13985,42.0036],[2.1417,42.00706],[2.14665,42.01046],[2.15475,42.01101],[2.15536,42.00954],[2.16884,42.00615],[2.17639,42.0027],[2.18071,42.00571],[2.18383,42.0051],[2.1876,42.0074],[2.18903,42.01116],[2.18988,42.01042],[2.18903,42.00786],[2.19208,42.00878],[2.19449,42.00804],[2.19329,42.01446],[2.19764,42.01541],[2.20024,42.01837],[2.19749,42.02133],[2.19877,42.02418],[2.19794,42.02541],[2.19392,42.02726],[2.19274,42.02965],[2.18765,42.03309],[2.18054,42.04195],[2.17485,42.03961],[2.16317,42.038],[2.16197,42.03637],[2.15112,42.03227],[2.14869,42.02971],[2.13635,42.02529],[2.13175,42.0255],[2.12396,42.03284],[2.1292,42.03675],[2.12984,42.04109],[2.12632,42.04353],[2.12391,42.04926],[2.12732,42.05183],[2.13584,42.05188],[2.13416,42.05409],[2.13553,42.05754],[2.12475,42.06357],[2.12302,42.06879],[2.11776,42.06967],[2.11569,42.07281],[2.11006,42.07612],[2.10813,42.07833],[2.10732,42.08261],[2.10474,42.08538],[2.1086,42.08999],[2.10885,42.09261],[2.11092,42.0939],[2.11241,42.09987],[2.11605,42.10182],[2.12263,42.09919],[2.13004,42.10043],[2.12972,42.10158],[2.13293,42.10524],[2.12788,42.1084],[2.12316,42.11494],[2.12041,42.11602],[2.11795,42.11541],[2.11472,42.11755],[2.11316,42.11691],[2.1097,42.11996],[2.09978,42.12447],[2.10089,42.12546],[2.09959,42.1277],[2.10108,42.12937],[2.09762,42.13018],[2.10133,42.13984],[2.09552,42.14007],[2.09603,42.14172]]]]}},{"type":"Feature","id":"13","properties":{"code":"13","name":"Barcelonès","areaKm2":146.26},"geometry":{"type":"MultiPolygon","coordinates":[[[[2.17513,41.34934],[2.18347,41.36332],[2.18306,41.3652],[2.1719,41.34901],[2.16983,41.33768],[2.1712,41.33719],[2.17084,41.33411],[2.16997,41.33421],[2.17118,41.33393],[2.16938,41.32633],[2.17255,41.31704],[2.16989,41.3264],[2.17513,41.34934]]],[[[2.05897,41.43542],[2.05767,41.43581],[2.05749,41.43468],[2.05844,41.4309],[2.05766,41.42642],[2.05233,41.42423],[2.05647,41.42136],[2.0569,41.416],[2.05464,41.41395],[2.05685,41.41033],[2.059,41.41099],[2.05829,41.41282],[2.06353,41.41356],[2.0649,41.41609],[2.06441,41.4179],[2.07049,41.41881],[2.06967,41.42518],[2.06702,41.42636],[2.06781,41.42954],[2.06458,41.42991],[2.06291,41.43358],[2.06002,41.43396],[2.05897,41.43542]]],[[[2.23408,41.49196],[2.23116,41.49297],[2.22816,41.49187],[2.22469,41.49252],[2.22307,41.49061],[2.21545,41.48722],[2.21584,41.48458],[2.21181,41.48033],[2.21269,41.47826],[2.21769,41.47751],[2.21327,41.47143],[2.20625,41.47033],[2.19975,41.47342],[2.18893,41.47084],[2.18706,41.46772],[2.17869,41.46818],[2.18071,41.46494],[2.17492,41.46385],[2.17141,41.46082],[2.16733,41.46068],[2.16423,41.45604],[2.1656,41.45158],[2.16411,41.4498],[2.15584,41.44993],[2.15203,41.44704],[2.14848,41.44675],[2.1451,41.44795],[2.14203,41.44694],[2.13473,41.44756],[2.13278,41.4446],[2.12994,41.44303],[2.1283,41.43352],[2.12266,41.42876],[2.12127,41.42583],[2.11711,41.42627],[2.11332,41.4285],[2.10322,41.42807],[2.09607,41.43327],[2.09043,41.42864],[2.08573,41.429],[2.08232,41.43163],[2.08077,41.43064],[2.07997,41.43189],[2.07529,41.43296],[2.07477,41.4353],[2.07177,41.4363],[2.07148,41.43308],[2.07662,41.42871],[2.07299,41.42752],[2.0727,41.42515],[2.08096,41.424],[2.07534,41.42198],[2.07765,41.4186],[2.07876,41.41886],[2.07974,41.41566],[2.07214,41.41095],[2.07206,41.40754],[2.07,41.40703],[2.07219,41.40346],[2.07859,41.40312],[2.08042,41.40596],[2.08569,41.40974],[2.09436,41.40793],[2.09745,41.40912],[2.10061,41.40837],[2.10181,41.40512],[2.10379,41.40402],[2.10283,41.40052],[2.09779,41.39396],[2.10211,41.38757],[2.10124,41.38293],[2.10332,41.37898],[2.10026,41.37642],[2.10129,41.37396],[2.09873,41.37023],[2.09928,41.36866],[2.09398,41.36712],[2.09129,41.36911],[2.08786,41.36903],[2.08678,41.36678],[2.08705,41.36453],[2.08936,41.36361],[2.09359,41.35852],[2.0956,41.35904],[2.09988,41.35192],[2.0923,41.34807],[2.08952,41.3413],[2.10479,41.33393],[2.11565,41.32389],[2.12175,41.32207],[2.13071,41.32077],[2.14986,41.32068],[2.15229,41.323],[2.15396,41.32768],[2.15917,41.32721],[2.16623,41.34125],[2.15948,41.34325],[2.15686,41.3423],[2.14867,41.33003],[2.14591,41.33099],[2.14728,41.3337],[2.14428,41.33475],[2.14562,41.33655],[2.14956,41.33667],[2.15092,41.34648],[2.15274,41.34634],[2.15331,41.3427],[2.16337,41.34864],[2.16691,41.34714],[2.17305,41.3565],[2.1699,41.35865],[2.17094,41.36025],[2.17544,41.35863],[2.17674,41.36055],[2.17347,41.36204],[2.17598,41.36533],[2.17932,41.36356],[2.18074,41.36578],[2.17652,41.36713],[2.17709,41.37215],[2.1821,41.3704],[2.18299,41.37161],[2.17798,41.37414],[2.17919,41.37566],[2.18095,41.37497],[2.17952,41.37607],[2.18231,41.37955],[2.18326,41.37755],[2.18149,41.37536],[2.18209,41.37468],[2.18109,41.37504],[2.18305,41.37434],[2.18522,41.3768],[2.18367,41.38044],[2.18466,41.38067],[2.18599,41.37983],[2.1849,41.37934],[2.18662,41.37922],[2.18514,41.37859],[2.18664,41.37917],[2.18725,41.3776],[2.18424,41.37295],[2.18562,41.37262],[2.18667,41.37481],[2.18754,41.37316],[2.18478,41.37184],[2.18514,41.3681],[2.18721,41.37001],[2.18667,41.36691],[2.18494,41.36526],[2.18661,41.36402],[2.18766,41.36676],[2.18861,41.36654],[2.18796,41.36725],[2.18924,41.36657],[2.18664,41.36339],[2.18536,41.35773],[2.19186,41.36986],[2.18996,41.36965],[2.18941,41.37153],[2.19134,41.37605],[2.19307,41.37705],[2.19279,41.37899],[2.19463,41.3811],[2.19689,41.38027],[2.19541,41.38103],[2.19733,41.38109],[2.19532,41.38169],[2.19542,41.3829],[2.19998,41.38519],[2.19831,41.3869],[2.20045,41.38833],[2.20196,41.38719],[2.2003,41.38579],[2.20274,41.38661],[2.19885,41.38365],[2.20006,41.38344],[2.20362,41.38741],[2.2013,41.38879],[2.20207,41.39004],[2.2046,41.39121],[2.2059,41.3903],[2.2045,41.39145],[2.20635,41.3907],[2.20542,41.39187],[2.20887,41.3955],[2.21192,41.39507],[2.2108,41.39677],[2.21354,41.39931],[2.21554,41.3986],[2.21416,41.40037],[2.21667,41.40279],[2.21834,41.40207],[2.21685,41.40313],[2.21789,41.40423],[2.22008,41.40532],[2.22192,41.40403],[2.22153,41.40557],[2.22581,41.40602],[2.225,41.4073],[2.22614,41.40663],[2.22542,41.40732],[2.22728,41.41049],[2.22891,41.41023],[2.22956,41.41179],[2.22677,41.41385],[2.22503,41.41323],[2.22749,41.41546],[2.22865,41.41297],[2.23056,41.41261],[2.22998,41.41355],[2.23293,41.41467],[2.22976,41.40896],[2.23347,41.41509],[2.2319,41.41581],[2.23438,41.42208],[2.2396,41.43061],[2.24107,41.43073],[2.24035,41.43172],[2.24203,41.43215],[2.24239,41.43327],[2.24183,41.43256],[2.23982,41.43378],[2.24252,41.43362],[2.24036,41.43466],[2.24084,41.43601],[2.24164,41.43698],[2.24435,41.43643],[2.24282,41.43119],[2.24432,41.43757],[2.24563,41.43747],[2.24501,41.43844],[2.25092,41.44624],[2.2622,41.45615],[2.27027,41.46079],[2.26455,41.46574],[2.26138,41.47068],[2.24764,41.48521],[2.24588,41.4903],[2.23408,41.49196]]]]}}]}